pair_key,molecule_a_id,molecule_b_id,molecule_a_hash,molecule_b_hash,scaffold_a_hash,scaffold_b_hash,tanimoto_similarity,delta_pIC50
3ae3e658a345,CHEMBL5860718,CHEMBL5972723,bfcf8cd83e55,647ef0251023,f9334c24dbd8,f9334c24dbd8,0.8571,3.6291
17f2f121ad57,CHEMBL5768138,CHEMBL5957231,c13a3468575c,5c4a987cf957,e392073982b0,904246bda3ab,0.8539,3.5374
d44b3e13bee6,CHEMBL205798,CHEMBL438075,802503091a34,3af3de82a62f,ae1937cf8167,ae1937cf8167,0.8841,3.3205
002e3740490c,CHEMBL593860,CHEMBL604485,6e5acd2d1644,b154d8af4626,c9c1b60fac08,912fe434e1f0,0.8889,3.2175
46d34ac8f009,CHEMBL5768138,CHEMBL5840248,c13a3468575c,a2fd3e5c15d9,e392073982b0,c6f1bfeaa71e,0.8556,3.1658
837a3dcbf765,CHEMBL4858583,CHEMBL570918,a2116a99684e,dea1f277e113,3e29b80f74c6,3e29b80f74c6,0.871,3.1079
4d22b70778a6,CHEMBL593760,CHEMBL593860,a4097c60fa82,6e5acd2d1644,912fe434e1f0,c9c1b60fac08,0.8767,3.0607
84a0ae9afed4,CHEMBL2064379,CHEMBL2064383,2d5911d88dec,c07a1e8c2203,e9ca67cf14a6,e9ca67cf14a6,0.8689,3.049
20a767ad42d4,CHEMBL5760794,CHEMBL5964497,0ba9f7535a45,d09c745fa3e8,f9334c24dbd8,f9334c24dbd8,0.8784,3.0462
f4cc2a40892c,CHEMBL4858583,CHEMBL583683,a2116a99684e,a423018b4b66,3e29b80f74c6,3e29b80f74c6,1.0,3.0
6b0b0f6b80da,CHEMBL3353409,CHEMBL4290568,adb6e00d499c,633389abf9f0,4aa52b594411,4aa52b594411,0.8625,2.943
2d1ba3ae0c05,CHEMBL250130,CHEMBL403785,147ab0aff385,7b2f8f43c689,8fce79ccdf58,8fce79ccdf58,1.0,2.9345
4374e4916440,CHEMBL5768138,CHEMBL5952823,c13a3468575c,8f0b89a204ed,e392073982b0,b863e5758f53,0.8556,2.8436
c106cfa0784b,CHEMBL4635100,CHEMBL4639556,e9ba4dfdec50,8a62464a99b3,bbd1bb786c8e,f6fac36fd2ff,0.8523,2.8424
f1e9f837292b,CHEMBL5768138,CHEMBL5875012,c13a3468575c,9ed89c654f16,e392073982b0,e392073982b0,1.0,2.8041
b0ea882674a5,CHEMBL5875012,CHEMBL5932679,9ed89c654f16,93d792634add,e392073982b0,e392073982b0,0.8851,2.8026
05e954eee817,CHEMBL3416592,CHEMBL3416593,da16cd4b70ad,9217204f6302,0e7acafb2eb9,0e7acafb2eb9,1.0,2.7987
504e95cb3dcd,CHEMBL5768138,CHEMBL5857682,c13a3468575c,c73aaa9169ee,e392073982b0,e392073982b0,0.907,2.7948
25a439d41cc6,CHEMBL5857682,CHEMBL5932679,c73aaa9169ee,93d792634add,e392073982b0,e392073982b0,0.8851,2.7933
af21e8d8e45f,CHEMBL4750196,CHEMBL4784185,af91ad93252f,1b0e825b5f64,ba13fcf595df,ba13fcf595df,0.8721,2.786
813790ad5d71,CHEMBL318736,CHEMBL418967,ea463d5ef175,aa7b2a7fd7ef,3e29b80f74c6,3e29b80f74c6,0.8889,2.7859
2d464bd7d98d,CHEMBL5768138,CHEMBL5786132,c13a3468575c,4423b7e08cc1,e392073982b0,e392073982b0,0.8736,2.7345
d86ee6b5cccf,CHEMBL4097027,CHEMBL4105656,3836922389d4,e6a0f5d51f49,9befaba343d0,9befaba343d0,0.8684,2.727
78d626dbd49a,CHEMBL5951478,CHEMBL5982314,598a023cb74c,b29653d05d1c,e75fd5c2c911,e75fd5c2c911,1.0,2.6749
67d369a95fce,CHEMBL3927293,CHEMBL5266785,f7474b0e0f76,ff0dc1695595,a5d822507e38,a5d822507e38,0.8514,2.6319
b789f68f41db,CHEMBL5768138,CHEMBL5862436,c13a3468575c,696d377fc228,e392073982b0,e392073982b0,0.8851,2.5861
7d6b36c75585,CHEMBL5862436,CHEMBL5932679,696d377fc228,93d792634add,e392073982b0,e392073982b0,0.8851,2.5846
b4949fe8c91e,CHEMBL1272061,CHEMBL1272168,38c77b153ec9,d31f8b2b58a6,94bc1f78001b,94bc1f78001b,1.0,2.5822
20622acdc115,CHEMBL2347962,CHEMBL2347963,6ca414e5ecc2,b67bfc92260a,3b812260fda9,3b812260fda9,0.8986,2.5594
1cdf228a9291,CHEMBL5269375,CHEMBL5284924,083c2f8db76f,6964e3664c8e,a68a0d7dd4f9,877754fa20da,0.8732,2.5555
effabe523bb7,CHEMBL299672,CHEMBL4858176,0f9f7985658c,8c1642e6434b,d7cfbd9523d4,aa8aa5b1e4d7,0.8571,2.5519
105fb3386376,CHEMBL5847293,CHEMBL5964531,6262dc0b7ecd,69ebdda28be3,4f9efeb09982,4f9efeb09982,0.8929,2.5229
ee5a682b5909,CHEMBL5871981,CHEMBL5964531,04e1df619dbe,69ebdda28be3,4f9efeb09982,4f9efeb09982,0.8523,2.5229
e066430eb433,CHEMBL1683970,CHEMBL1683971,8ca60800b5d9,6ed747a6a9d4,a2352cf1c7bd,8be47d07966f,0.8611,2.502
bd6f62f16dd1,CHEMBL4639556,CHEMBL4643111,8a62464a99b3,0cf25a31778d,f6fac36fd2ff,28510fc34321,0.9302,2.4718
0c01ede4aa50,CHEMBL5755313,CHEMBL6043242,a78d526f4818,4451762ae80b,015c4069faa6,8a0ea49f09b8,0.8764,2.4486
2082a67b3a75,CHEMBL5289003,CHEMBL5291403,a8848f394861,b076cf7f8c55,6ac06a239dd1,6ac06a239dd1,1.0,2.4433
fa129549d7b1,CHEMBL5768138,CHEMBL5798869,c13a3468575c,7a25f99cb74d,e392073982b0,e392073982b0,0.8539,2.3877
97de9d3ba49d,CHEMBL3905242,CHEMBL3962233,375c2aa401f8,a91f53e5e35a,49ff8153b0c8,49ff8153b0c8,0.8824,2.3711
4773be74f5a3,CHEMBL5180914,CHEMBL5208312,876151b0d7cd,6995c5db5b18,6121c3ce454c,0e7b9562723e,0.8545,2.3691
e4041e92bb4d,CHEMBL111033,CHEMBL4440586,c97db524e031,239ba22516c5,9f64913a9962,9f64913a9962,0.875,2.3647
dffbc9f41f61,CHEMBL1958209,CHEMBL4280817,9c9581a7a173,7d8c85020127,e86aff8ffb35,63e1760678a5,0.8696,2.3533
cd5c37c87610,CHEMBL593911,CHEMBL604485,57ac29c8d31b,b154d8af4626,912fe434e1f0,912fe434e1f0,0.8889,2.3424
d46a32cceb62,CHEMBL593860,CHEMBL593987,6e5acd2d1644,4e3c9d32aaf6,c9c1b60fac08,c9c1b60fac08,0.8767,2.3324
ad181fbc1704,CHEMBL3416447,CHEMBL3416590,327f15815504,2cb6f9f087cf,0e7acafb2eb9,0e7acafb2eb9,1.0,2.3153
c9ff4630914f,CHEMBL593274,CHEMBL604485,007ab26d6f32,b154d8af4626,c9c1b60fac08,912fe434e1f0,0.8533,2.3144
b092c24138f3,CHEMBL3353411,CHEMBL4279227,ae7af44832bc,60bbef36fe59,4aa52b594411,4aa52b594411,0.8649,2.3077
77976bbdadc0,CHEMBL5746836,CHEMBL6021920,6b7cf1c34169,1431084a3d56,70268b1950b3,bf2ea990703d,0.8696,2.2989
37a269c93d0e,CHEMBL3325477,CHEMBL3325480,4007331cb982,66a048dbd2d1,d68e1c34939d,d68e1c34939d,0.85,2.2685
c388a544c6bd,CHEMBL5786132,CHEMBL5814661,4423b7e08cc1,0da373b4acf1,e392073982b0,b863e5758f53,0.8941,2.2676
d1d8f363f94a,CHEMBL5755313,CHEMBL5792219,a78d526f4818,440efa023244,015c4069faa6,5893fa566b59,0.8764,2.261
457a1a6151c4,CHEMBL5186794,CHEMBL5206110,caf014b088fd,e02a2709acdd,be9a36012d66,6121c3ce454c,1.0,2.2604
9473e7790bb1,CHEMBL5939208,CHEMBL5990005,dd96c32ade14,bece0e9db6d8,bb39a6ae6338,bb39a6ae6338,0.8519,2.2516
6293caddd8d8,CHEMBL599218,CHEMBL605976,691b339c23d9,332705643723,e418e017632b,e418e017632b,1.0,2.2456
533eeed292ff,CHEMBL3676341,CHEMBL3676342,8b8fca338cea,abfeaf937751,3e29b80f74c6,3e29b80f74c6,0.8571,2.2435
db7d6278b1ed,CHEMBL110065,CHEMBL111038,2c187eb2417b,6643a9c5101a,9f64913a9962,9f64913a9962,0.8824,2.2412
bc4682ba2eb1,CHEMBL2018765,CHEMBL55425,ebe049f1c314,1e080371a3d2,3e29b80f74c6,3e29b80f74c6,0.9286,2.2398
a2af82d5f44a,CHEMBL5760794,CHEMBL6011498,0ba9f7535a45,171f5d2aa84e,f9334c24dbd8,f9334c24dbd8,1.0,2.2333
88da5aa49c26,CHEMBL5838641,CHEMBL5871921,8b63ac8dc9ef,c9b4b2820cdf,4463fd7a08f0,4463fd7a08f0,1.0,2.2253
b56d58244995,CHEMBL3892960,CHEMBL3953221,3ce9bb28fb28,f44a13d51c22,7363ba303ab8,50c1adc5560d,0.913,2.2161
89f930b79c02,CHEMBL2018765,CHEMBL294395,ebe049f1c314,14e84ad42f03,3e29b80f74c6,3e29b80f74c6,0.8621,2.2103
f9a5b370ea84,CHEMBL6159678,CHEMBL6174175,f8717c6c414c,8a370ce8685c,dfcb99ad17c3,dfcb99ad17c3,0.8608,2.1981
326a07264929,CHEMBL251315,CHEMBL399373,53cbc6c9601b,8a01f62e0cff,67beac06de99,67beac06de99,1.0,2.1976
cd08ab7338a9,CHEMBL2437468,CHEMBL2437469,dea07c7c956a,a73160ac9ec8,f5e1aaac5464,f5e1aaac5464,0.8649,2.1953
f77c29836feb,CHEMBL2437476,CHEMBL2437479,08f893110bd4,026bab72af58,481029294847,481029294847,0.8571,2.1916
a9d146db62cf,CHEMBL593760,CHEMBL593911,a4097c60fa82,57ac29c8d31b,912fe434e1f0,912fe434e1f0,0.8767,2.1856
c9cf3b84ce2d,CHEMBL5860718,CHEMBL6036892,bfcf8cd83e55,9846a4b9d080,f9334c24dbd8,f9334c24dbd8,0.8571,2.1833
8b6f7739bdab,CHEMBL5942609,CHEMBL5949226,f6b05fd4c652,20384b4ca496,3fa4b17b015b,08dc18123ed5,0.9079,2.1772
7403747bf5e6,CHEMBL489147,CHEMBL489148,75f2020b5e8f,696fe1a966f8,13cad05ca8f4,13cad05ca8f4,0.8667,2.1761
74fe62cc652e,CHEMBL3416590,CHEMBL3759963,2cb6f9f087cf,5c79eb3b0d8e,0e7acafb2eb9,0e7acafb2eb9,0.8627,2.1556
3a4a8cafb9bb,CHEMBL421877,CHEMBL80155,7082f5528626,91920d8b5485,13cad05ca8f4,13cad05ca8f4,0.8667,2.1513
766a0cd68203,CHEMBL3671570,CHEMBL3671579,2406afa03964,ab305696a021,ba83e2fc26c8,dae618766e8f,0.9577,2.1492
58cb1aaf08b6,CHEMBL2031300,CHEMBL4169489,1047588158f9,ec9db59314f7,037a99476f47,6cedc7c39a69,0.85,2.1434
60029a628640,CHEMBL5272088,CHEMBL5291034,5c04dd24ca20,1030bc40bd0e,453a8f254b1f,453a8f254b1f,1.0,2.1374
8b446f14f10f,CHEMBL5783967,CHEMBL5847656,a32a34b83d36,33c99fb41035,4f9efeb09982,4f9efeb09982,0.8902,2.1255
a2bfbb6e6989,CHEMBL5814661,CHEMBL5862436,0da373b4acf1,696d377fc228,b863e5758f53,e392073982b0,0.8837,2.1192
bfa300cb5874,CHEMBL3233020,CHEMBL3233794,02b9d2d80b96,76d480b03fc0,f8bd9dca8697,65978851b27b,0.863,2.1041
6be1bc8911c4,CHEMBL4750196,CHEMBL4790485,af91ad93252f,236bdee58028,ba13fcf595df,ba13fcf595df,0.8824,2.1004
b4a507c200e9,CHEMBL2347961,CHEMBL2347962,c185583decb3,6ca414e5ecc2,3b812260fda9,3b812260fda9,0.9853,2.0946
ab83f6a7fe55,CHEMBL4435619,CHEMBL4561606,834d298db7bd,2156d02a4a87,5cbf3e928b38,4321e33a431d,0.9286,2.0832
b14a6cc58440,CHEMBL4635100,CHEMBL4638194,e9ba4dfdec50,b63dcd5c3639,bbd1bb786c8e,71ae5956ab77,0.9277,2.0812
95b9ce300c8b,CHEMBL3671499,CHEMBL3676390,7d7afb080c18,76c898d0c91a,3e29b80f74c6,3e29b80f74c6,0.8615,2.0711
009e557b008f,CHEMBL3647964,CHEMBL4099713,f9394ab53b0c,b48d181d2a6f,ce31abc46830,3e0ea7a2c961,0.8548,2.0669
995997cc3201,CHEMBL4750196,CHEMBL4763697,af91ad93252f,a5cc5e4e4eb6,ba13fcf595df,ba13fcf595df,0.8642,2.0653
371dc4ee4514,CHEMBL5921524,CHEMBL6058480,8405ddc36857,4a98bfc74461,135e88195b66,8d905366e469,0.9,2.0646
764b086eae04,CHEMBL5777631,CHEMBL5957593,7ab87e363b7b,9c4881074d2d,558a55bd1de8,558a55bd1de8,1.0,2.0531
19cd7174dc0c,CHEMBL111038,CHEMBL111443,6643a9c5101a,8f3a5d8129b8,9f64913a9962,9f64913a9962,0.8824,2.0512
380d453ba856,CHEMBL2441567,CHEMBL4648271,8de26c31594d,927f943b7e13,c6899d489070,c6899d489070,0.881,2.0512
7bdd3732f207,CHEMBL5180914,CHEMBL5182465,876151b0d7cd,33f6d26e606b,6121c3ce454c,be9a36012d66,1.0,2.0479
81b2e6a32f4f,CHEMBL4441037,CHEMBL4575583,ab0ce684751e,c94f6d938a56,986c6de398c7,9cf341cd9337,0.942,2.0453
01742fecce5c,CHEMBL3182647,CHEMBL4099713,f5b4cf303f0d,b48d181d2a6f,ce31abc46830,3e0ea7a2c961,0.8548,2.0322
d8e270a524da,CHEMBL2018765,CHEMBL293064,ebe049f1c314,3a9cf7ecf37c,3e29b80f74c6,3e29b80f74c6,1.0,2.0272
096563087161,CHEMBL596087,CHEMBL604485,670b75d358d2,b154d8af4626,c9c1b60fac08,912fe434e1f0,0.8649,2.0134
dc0f031e4a4d,CHEMBL4063427,CHEMBL4084996,0513cc2708e6,f9e54bf44069,13f39e61ed1f,13f39e61ed1f,0.8636,2.0089
1272de2aa07c,CHEMBL3608429,CHEMBL4204566,e6c46d44e122,79c1adb00876,3d13079e0337,3d13079e0337,1.0,2.008
5561076ed303,CHEMBL5781756,CHEMBL6048351,dedccfc64e2a,a6ccd6bf0f71,d89be4a06dad,d89be4a06dad,0.8548,2.0065
19616cf189f7,CHEMBL4074045,CHEMBL4086869,150c1e791087,679a1221b445,9befaba343d0,9befaba343d0,0.92,2.0
249a81395ccf,CHEMBL6043247,CHEMBL6045970,ee325cf741f4,2bddb5c5af9d,97427f1cffc5,97427f1cffc5,0.8571,2.0
4d272aeead3b,CHEMBL3353409,CHEMBL5284486,adb6e00d499c,428ded1334be,4aa52b594411,4aa52b594411,0.85,2.0
ca4aa81a581e,CHEMBL3671498,CHEMBL3671528,fbb53e1985c9,8e1dfb77dc79,3e29b80f74c6,3e29b80f74c6,0.875,1.9956
63d74d1d3621,CHEMBL3622650,CHEMBL3622652,6a108e38bd47,6c9ef1ad88b4,fee7f868ab1e,0c3e9e196656,0.8795,1.9919
a95d4cbad57b,CHEMBL3416590,CHEMBL3416591,2cb6f9f087cf,83e7e46a12f2,0e7acafb2eb9,0e7acafb2eb9,1.0,1.9908
90e37c060f5a,CHEMBL250132,CHEMBL413987,2866d1b25bd2,a08ddd008e8f,8fce79ccdf58,8fce79ccdf58,1.0,1.98
8f9fc3674222,CHEMBL4435619,CHEMBL4445017,834d298db7bd,2ff79d5dcc1d,5cbf3e928b38,677e1f21024a,0.9155,1.9675
3b9264e83824,CHEMBL5265881,CHEMBL5289003,fbad67c76c1a,a8848f394861,6ac06a239dd1,6ac06a239dd1,1.0,1.9661
f59afb7cdae2,CHEMBL5767212,CHEMBL5783967,210ed826a01c,a32a34b83d36,4f9efeb09982,4f9efeb09982,1.0,1.9494
bda3303829f7,CHEMBL5783967,CHEMBL5966296,a32a34b83d36,03fcc8dcbc6c,4f9efeb09982,4f9efeb09982,1.0,1.9494
f57b42f31b1d,CHEMBL5783967,CHEMBL5918820,a32a34b83d36,fdbf4df77855,4f9efeb09982,4f9efeb09982,0.9059,1.9494
36e8520fd6c9,CHEMBL2437484,CHEMBL2437486,17ea27e244b9,1e7fcaf96430,481029294847,481029294847,0.8529,1.9358
aeebb7bb7eab,CHEMBL3325479,CHEMBL3325480,6aaaec1d077c,66a048dbd2d1,d68e1c34939d,d68e1c34939d,0.8537,1.9217
c65b0bc4ba4a,CHEMBL4635100,CHEMBL4643903,e9ba4dfdec50,05cbecac6388,bbd1bb786c8e,05e49f895d4c,0.939,1.9168
6af843fd3395,CHEMBL3671571,CHEMBL3671579,4ab5fb8ba55f,ab305696a021,2776da30d7db,dae618766e8f,0.88,1.9151
b2a4a21d6ec5,CHEMBL4634127,CHEMBL4635100,e6ff095c342a,e9ba4dfdec50,997b9640c683,bbd1bb786c8e,0.8736,1.91
863de0cc9b13,CHEMBL4572913,CHEMBL6010524,2c18c9c6e86d,fde4c87423d2,d89be4a06dad,d89be4a06dad,0.8553,1.9096
bddb7455d839,CHEMBL248392,CHEMBL401054,cafccdcc8ddc,e854f673c62b,91209ed16d79,e5966aff8c1f,0.9265,1.9085
d1c61186d063,CHEMBL5966725,CHEMBL6057992,60f33b2e2207,a9077b65f8d8,f9e6a0eb24e7,f9e6a0eb24e7,0.8929,1.9085
184b612e72a3,CHEMBL109212,CHEMBL110065,e91f210ec6ce,2c187eb2417b,9f64913a9962,9f64913a9962,0.9216,1.9
26cef56adf2a,CHEMBL3671491,CHEMBL3671535,d4663262efd5,79dfb0326223,3e29b80f74c6,3e29b80f74c6,0.8636,1.8976
f96a3409a86b,CHEMBL2064392,CHEMBL2064393,7eab7b7446eb,2bdd5fea42be,cbacd2d27a09,c528df541068,0.8736,1.8965
4168c296e541,CHEMBL3416593,CHEMBL3416594,9217204f6302,31db4ce21cf8,0e7acafb2eb9,0e7acafb2eb9,1.0,1.8956
3a650b9efc1b,CHEMBL3929448,CHEMBL3962233,e41abaa0f4d7,a91f53e5e35a,49ff8153b0c8,49ff8153b0c8,0.8767,1.8921
2b6b519f3788,CHEMBL3671498,CHEMBL3671540,fbb53e1985c9,71c892df36a9,3e29b80f74c6,3e29b80f74c6,0.8714,1.8921
8acd42dc9c5b,CHEMBL3325477,CHEMBL3325478,4007331cb982,08e7c9b7d6e0,d68e1c34939d,d68e1c34939d,0.8718,1.8909
583845a8c963,CHEMBL3604943,CHEMBL6170292,a54ff845d157,b553d035cc9f,a68a0d7dd4f9,a68a0d7dd4f9,0.9189,1.89
536c4ef887e3,CHEMBL5952457,CHEMBL6025577,324ac4e672d2,d0fb952730ef,102b8afb7edf,102b8afb7edf,0.8571,1.8802
3f331422405f,CHEMBL604485,CHEMBL604893,b154d8af4626,89fe893c07a1,912fe434e1f0,912fe434e1f0,0.8533,1.8751
564da4e98924,CHEMBL3676346,CHEMBL3676367,e296919e99f3,b5624f790c41,a05af3e60ad5,a05af3e60ad5,0.8861,1.8722
850070e94d38,CHEMBL4520801,CHEMBL6048351,49fb16ecf492,a6ccd6bf0f71,d89be4a06dad,d89be4a06dad,0.8548,1.8673
ab7736762e44,CHEMBL4750196,CHEMBL4755444,af91ad93252f,a4c4aa6930a4,ba13fcf595df,ba13fcf595df,0.8523,1.8662
45ef128646d0,CHEMBL2437477,CHEMBL2437478,c85bd749823d,1134eacc7ad8,481029294847,481029294847,1.0,1.8655
2f86158b8a20,CHEMBL2029426,CHEMBL2029427,0882f6722f12,a47208f06f50,e2b0e1aaadc8,04dd79397c61,0.85,1.8626
1ffe09ff5106,CHEMBL5893059,CHEMBL5894318,665e1dd1bfdd,81029c7eb7c7,833591a78970,a1f6eb27cce6,0.8841,1.8606
1d7be2d5337f,CHEMBL593760,CHEMBL596087,a4097c60fa82,670b75d358d2,912fe434e1f0,c9c1b60fac08,0.8533,1.8566
b935a3bea55b,CHEMBL5930586,CHEMBL5966725,381b583154a9,60f33b2e2207,42ee312ac436,f9e6a0eb24e7,0.8554,1.8513
c19b8c6b0918,CHEMBL5810347,CHEMBL5964531,f3314093ac7b,69ebdda28be3,4f9efeb09982,4f9efeb09982,0.869,1.843
2ab96a3bdfe8,CHEMBL3416590,CHEMBL3416596,2cb6f9f087cf,274d5f0dbb84,0e7acafb2eb9,0e7acafb2eb9,0.8627,1.8381
d0dac5170d2a,CHEMBL336192,CHEMBL435809,28300a05c820,e2f28dbd1753,67cab29be820,67cab29be820,0.8846,1.8278
d4a86f36cd17,CHEMBL3622665,CHEMBL3622669,851530985cad,e02c3422173e,77d923dd4fc0,28b8b52d7aca,0.8611,1.827
cd27945204d1,CHEMBL5783967,CHEMBL6032795,a32a34b83d36,cb14d89e7ee2,4f9efeb09982,4f9efeb09982,0.8795,1.8245
d46b7730de24,CHEMBL5747445,CHEMBL5916523,7c1d024dd92a,8dfea7a4da45,e75fd5c2c911,e75fd5c2c911,0.8608,1.8194
e7d8e568b313,CHEMBL3623278,CHEMBL437885,5af1a9bc398a,3ef2b3ee4232,3c42e33f00ee,b20d8d3853fc,0.8525,1.817
6eafdd9fa154,CHEMBL2048789,CHEMBL2048790,53a8dc1ce4be,bdaf79365618,845e4e3f23ad,76f35abd6bbe,0.8841,1.8155
fb31bd102eb6,CHEMBL6151046,CHEMBL6151532,c8c3bcba8bfc,6f02880f80ac,ba7e02001480,d7fe46d89223,0.881,1.8152
71c3ac1a0251,CHEMBL5768138,CHEMBL5952854,c13a3468575c,7b92c7a33692,e392073982b0,e392073982b0,0.907,1.8131
70a2123accb1,CHEMBL5932679,CHEMBL5952854,93d792634add,7b92c7a33692,e392073982b0,e392073982b0,0.8851,1.8116
520dd5336b39,CHEMBL5782254,CHEMBL5828125,317f0ade5f30,915352acd922,ab80612dfde9,bc048307ce8f,0.8974,1.8105
829c6b5881f8,CHEMBL131715,CHEMBL435809,28159741683c,e2f28dbd1753,67cab29be820,67cab29be820,0.8961,1.8037
c0c1ae0df268,CHEMBL6167748,CHEMBL6174175,b48edb7b2dc0,8a370ce8685c,dfcb99ad17c3,dfcb99ad17c3,0.8608,1.8019
2a9d65da76d3,CHEMBL2441563,CHEMBL4643903,60330559774e,05cbecac6388,2c7ee8ba4a92,05e49f895d4c,0.8605,1.7998
e23bfa380077,CHEMBL4800367,CHEMBL5812980,13f660cdad7d,3f1560f36f98,4aa52b594411,4aa52b594411,0.8718,1.7944
3dc79f142704,CHEMBL2441563,CHEMBL4634127,60330559774e,e6ff095c342a,2c7ee8ba4a92,997b9640c683,0.8636,1.793
e7e5762529d0,CHEMBL3699596,CHEMBL3699616,3eabbb2b6c21,0f2c7c40b073,0b0bb31fe13d,0b0bb31fe13d,0.8537,1.7922
0a0de2a57df4,CHEMBL5921524,CHEMBL6054367,8405ddc36857,3860b0a19855,135e88195b66,81b9b5f2adf8,0.8592,1.792
f7664ac8a302,CHEMBL3647970,CHEMBL4073874,d98e9946d203,df6f609597c0,ce31abc46830,3e0ea7a2c961,0.8714,1.7887
c787e3549358,CHEMBL5779576,CHEMBL5973924,45c15b8e1db7,686bef05855c,2d47a0e74661,2d47a0e74661,0.9231,1.7881
df976c758d0d,CHEMBL3612578,CHEMBL3612594,0c202f41b891,ebbd83ae0ff8,ed514f651857,ed514f651857,0.8615,1.7782
b634ac1ed951,CHEMBL114490,CHEMBL607707,7d210ebcc654,016d9f2838af,9f64913a9962,9f64913a9962,0.8767,1.7767
4e140f2d0937,CHEMBL5565127,CHEMBL5574303,86da225a956d,6e600c08fd56,6fab0862589f,6fab0862589f,0.8571,1.768
4c6921335a8e,CHEMBL6021920,CHEMBL6022955,1431084a3d56,28dfd8a6ae1a,bf2ea990703d,bf2ea990703d,1.0,1.7593
c973dc121323,CHEMBL4064937,CHEMBL4071474,35a6209555d2,f540f3490890,fb7d16bf2371,06721c212967,0.8537,1.7589
5271ae61b2f9,CHEMBL4457018,CHEMBL4469900,d1a4d70c8456,5f9c866cd371,c7b9dc4cc665,c7b9dc4cc665,0.8706,1.7586
f2ad32b8829c,CHEMBL5786877,CHEMBL5949226,b395cc7aad65,20384b4ca496,715bea50c9c1,08dc18123ed5,0.9211,1.7547
db212e13c255,CHEMBL251314,CHEMBL251315,c1d237bdd416,53cbc6c9601b,67beac06de99,67beac06de99,1.0,1.7527
3bc316060c59,CHEMBL5957593,CHEMBL6054621,9c4881074d2d,c064f94c008d,558a55bd1de8,8b0971d5f138,0.9036,1.752
48be2ed6e7ff,CHEMBL5948463,CHEMBL5957593,05217240ef09,9c4881074d2d,558a55bd1de8,558a55bd1de8,0.9012,1.752
9c801bbd9137,CHEMBL3604943,CHEMBL4463766,a54ff845d157,2c15c12f132f,a68a0d7dd4f9,f208e88e7f4d,0.8667,1.7471
9db772a37b5a,CHEMBL3612574,CHEMBL3612592,acbd8e39444c,783c983ef36b,ed514f651857,ed514f651857,0.8696,1.746
7a6bf55285ff,CHEMBL3699586,CHEMBL4856343,cbcbd6c2731f,e086c28ba094,fb866faba5fc,fb866faba5fc,0.8551,1.7423
dd4797008020,CHEMBL5075204,CHEMBL5085143,612f7bf7b30a,cb2c43834d96,2b8c1fa5bc30,2b8c1fa5bc30,0.8675,1.7413
c32f739c06f8,CHEMBL593860,CHEMBL606466,6e5acd2d1644,137e694c8615,c9c1b60fac08,c9c1b60fac08,0.8889,1.7404
7d45287e18c9,CHEMBL4464589,CHEMBL4472983,ea4a38d0e47b,904ef89ccf17,4aa52b594411,4aa52b594411,0.9012,1.7348
6d2d233618cc,CHEMBL5763337,CHEMBL6057992,42bea0489735,a9077b65f8d8,eaf1ea038dd8,f9e6a0eb24e7,0.9059,1.7324
4b43c43ab1dd,CHEMBL5783967,CHEMBL5881427,a32a34b83d36,9326600ea42b,4f9efeb09982,4f9efeb09982,0.9036,1.7275
a2fa9795d768,CHEMBL5783967,CHEMBL5809227,a32a34b83d36,62dd4dcc2cf9,4f9efeb09982,4f9efeb09982,0.8706,1.7275
05faeb44390a,CHEMBL5783967,CHEMBL5812558,a32a34b83d36,836f01e87645,4f9efeb09982,4f9efeb09982,0.8706,1.7275
c14956010eab,CHEMBL3353403,CHEMBL5820028,5d00a607fdcb,081d3b1ee793,a73b97806e0c,a73b97806e0c,1.0,1.727
1a2e1a32f64b,CHEMBL4450843,CHEMBL4521381,e369a09cd02c,7e550ec7e987,3b812260fda9,3b812260fda9,1.0,1.7116
6650257723aa,CHEMBL109212,CHEMBL111443,e91f210ec6ce,8f3a5d8129b8,9f64913a9962,9f64913a9962,0.9216,1.71
1f6d2fcdb45d,CHEMBL3920551,CHEMBL3968039,66d2c0852988,4c762fce97b0,95497d93eeeb,49ff8153b0c8,0.8684,1.7076
31ce668acf2b,CHEMBL4463765,CHEMBL4540303,dc5836de035a,432c0a2d0450,a9199ff128f7,5c3295f7e007,0.9211,1.6999
5bb8d80a9a2f,CHEMBL4211835,CHEMBL4217913,0d3b1c04422c,1546c20acb4b,c8246288cb2b,c8246288cb2b,0.9104,1.6996
e2359eeadc0a,CHEMBL440298,CHEMBL490577,459fa3302479,54716555a016,679fa837f1c5,679fa837f1c5,1.0,1.699
667908f5ff23,CHEMBL5746836,CHEMBL5818938,6b7cf1c34169,0a46d16a04d1,70268b1950b3,70268b1950b3,1.0,1.699
0f6350456cf7,CHEMBL5818938,CHEMBL5928946,0a46d16a04d1,cd0bfff61477,70268b1950b3,0b646909e828,0.8696,1.699
a9584ddf492f,CHEMBL1241770,CHEMBL1241859,4b7482f9c27a,88c1460e2d7e,4cbd6544eaeb,4da71297c793,0.8929,1.6968
be3895c528fe,CHEMBL1830267,CHEMBL1830274,a4b439f12179,15155e7a10a1,c3d890e54028,c3d890e54028,0.8974,1.6962
c7b432ef49ba,CHEMBL5173517,CHEMBL6145857,f4eb1325decc,7c475fd7e8d5,3ff23e73b2de,3ff23e73b2de,1.0,1.6812
a75035405fcb,CHEMBL3088220,CHEMBL3088225,f97d173c7e17,a4edfa39701c,bd9f78919521,bd9f78919521,0.8727,1.6786
734cc8e399e5,CHEMBL4750196,CHEMBL4777554,af91ad93252f,67efbfe50990,ba13fcf595df,294df01ca7c7,0.8523,1.6704
86fd43cde4ff,CHEMBL5597916,CHEMBL6025577,2bd3bf2dddfd,d0fb952730ef,102b8afb7edf,102b8afb7edf,0.8571,1.6672
e67a7d0162ed,CHEMBL2347960,CHEMBL2347962,9f339a28f9ee,6ca414e5ecc2,3b812260fda9,3b812260fda9,0.942,1.6645
7abcaed5d652,CHEMBL3671496,CHEMBL3671509,71116ee25646,f9aebe1a0e51,3e29b80f74c6,3e29b80f74c6,0.8571,1.658
cb1d51d143df,CHEMBL5836438,CHEMBL6040634,70b049ddc667,46116777f479,6df27864b04c,6df27864b04c,1.0,1.6404
7c132ec4211c,CHEMBL5858538,CHEMBL5938505,2c0412f91062,b52e9a1555e2,27529897247c,27529897247c,0.9107,1.6404
610a9dd4e281,CHEMBL5836438,CHEMBL6016272,70b049ddc667,c5c757ac3b12,6df27864b04c,7bdbbc54e4d3,0.9048,1.6404
3a1ff0f52296,CHEMBL5822224,CHEMBL5823520,1a40197d5def,effa012da939,26d6f17b0813,acfb933161ac,0.8519,1.6404
69ee9897f75c,CHEMBL3892960,CHEMBL3973973,3ce9bb28fb28,8aee112193ad,7363ba303ab8,50c1adc5560d,0.913,1.6382
69039a16d779,CHEMBL5779576,CHEMBL5817731,45c15b8e1db7,b81be7e42d03,2d47a0e74661,2d47a0e74661,1.0,1.6375
92aad59ffe50,CHEMBL1812559,CHEMBL1812572,ed82cc269154,c2d07b22f2e9,da3565ff60dd,da3565ff60dd,0.8571,1.6335
6f4d94a57fe5,CHEMBL4443062,CHEMBL5564265,de8232a1a833,87fe09ded6ff,c51640a3637d,c51640a3637d,1.0,1.6264
70524960a869,CHEMBL3671517,CHEMBL3676390,8f884f72d9f6,76c898d0c91a,3e29b80f74c6,3e29b80f74c6,0.8551,1.624
5064b3fe1e03,CHEMBL132348,CHEMBL444337,ea4274db4350,92f3b9a56df2,a9e4bd30086e,a9e4bd30086e,0.9041,1.6226
27541acdff40,CHEMBL3233783,CHEMBL3233787,0b8bfff1d983,643b0d5e6d1b,b894cedca0d1,0279ffb7701c,0.913,1.6221
ec6cf490fc8c,CHEMBL104244,CHEMBL299194,6c0d1045a769,a54b4fefe5a3,00227faa0586,a182deee2cb5,0.9464,1.6173
b4d0f7d0f953,CHEMBL5960937,CHEMBL6020006,953fbf9a41f5,c459ac38c8e6,d0ea4281d43e,75307b96f247,0.8852,1.6037
77518d544241,CHEMBL3353410,CHEMBL4527702,2255e7269aad,84eda3d54fed,4aa52b594411,4aa52b594411,0.8553,1.6028
fce200d7b0e8,CHEMBL5088907,CHEMBL5093794,9e42efea89b8,d895ed71f239,4cc5ec5ba0a8,4cc5ec5ba0a8,0.8714,1.6002
5db2189d6186,CHEMBL4440096,CHEMBL4572913,863a972a09f2,2c18c9c6e86d,d89be4a06dad,d89be4a06dad,0.8553,1.6002
c4a7aa241999,CHEMBL1272061,CHEMBL1272223,38c77b153ec9,d581e8553d3f,94bc1f78001b,94bc1f78001b,0.8571,1.5995
9d28f870f595,CHEMBL5805901,CHEMBL5940711,09d90c125642,9cbac1665fbc,4f9efeb09982,4f9efeb09982,0.8659,1.5966
a8e0c96436c6,CHEMBL1240553,CHEMBL1241581,3f624ab7a828,5d1a758f699f,3bcd045fc19f,3bcd045fc19f,0.86,1.5942
0841b93975ba,CHEMBL5775870,CHEMBL5988402,803480b7c67d,82726955d9dd,61372f82794c,02e959d5bb9f,0.8539,1.5911
ad07c824c49e,CHEMBL4061043,CHEMBL4089863,e1afeb8f59a9,78a2e667a166,1a5df4b41096,5d87b8e22318,0.8889,1.587
b4ace5f7b409,CHEMBL5786207,CHEMBL6036892,8509774ed74d,9846a4b9d080,f9334c24dbd8,f9334c24dbd8,1.0,1.5812
7413d908a307,CHEMBL5810815,CHEMBL5901017,adc13f4f422a,5a533d2b6e04,f9334c24dbd8,f9334c24dbd8,1.0,1.5781
0856b010463c,CHEMBL369299,CHEMBL427314,b722b34ae999,25e8e9d59818,bedf6cea4efd,ea4cc288bd29,0.8701,1.5761
5882f1cc0b2f,CHEMBL3353410,CHEMBL3353412,2255e7269aad,0b40c765c847,4aa52b594411,4aa52b594411,0.8684,1.575
d3180a8ff264,CHEMBL4476772,CHEMBL4527630,a1f9f2b313ee,13b9137cfedc,25044a853e86,ae235d7b81fb,0.9167,1.573
8b6ae431d5ec,CHEMBL4747078,CHEMBL4792967,0dcdbb901420,020fa22c1218,ba5e1d4530c1,54a5d56aa58e,0.8966,1.5703
86ceb5e62777,CHEMBL5583656,CHEMBL5592873,8cd321eb5e6b,bad9872a0f75,54a5d56aa58e,ba5e1d4530c1,0.8929,1.5703
c1928dfdd5af,CHEMBL3903249,CHEMBL3903870,21ada595d2df,1f82635be601,ff9c9d634b52,ff9c9d634b52,1.0,1.5687
81d5288587ab,CHEMBL3353410,CHEMBL4464879,2255e7269aad,4ccce5bf0393,4aa52b594411,4aa52b594411,0.8919,1.5673
99653724d321,CHEMBL4443062,CHEMBL5191510,de8232a1a833,7ba093282444,c51640a3637d,c51640a3637d,0.863,1.5643
effe5bcae2e0,CHEMBL179923,CHEMBL360519,eeb8f4f923d3,52abcd0abfde,bedf6cea4efd,bedf6cea4efd,0.9012,1.5618
690fc47d1205,CHEMBL126903,CHEMBL351629,4eb815feccc9,8f1e714d191c,4b4d2530bd5a,4c8e4b345a30,0.8519,1.5586
d4c55ef48fc8,CHEMBL5194722,CHEMBL5196495,c2150eb286cb,57917fda1123,b771713b0d33,b771713b0d33,0.8554,1.553
03105ade122a,CHEMBL5755058,CHEMBL5959712,dd753236fba9,3675843bb8ae,d49c9c80e448,f4997e43c18d,0.9041,1.5463
4ba62ce2c6f1,CHEMBL447720,CHEMBL500217,e861e85695cd,5fd40e5496df,695360bfcdd0,503567800e22,0.8876,1.5454
02aaaa0686d0,CHEMBL3325478,CHEMBL3325479,08e7c9b7d6e0,6aaaec1d077c,d68e1c34939d,d68e1c34939d,0.875,1.5441
a4fa41e97e9f,CHEMBL3633940,CHEMBL3814211,143202cc336f,0d354c9a2563,5c0f398f8345,3e29b80f74c6,0.8627,1.5441
f5c4fc83817d,CHEMBL473351,CHEMBL473553,fa686526d289,03b6dbe6547c,5cb49fca2b73,5cb49fca2b73,0.8545,1.5431
04e23475f2f8,CHEMBL4226254,CHEMBL5767529,5453dc1bdd0c,2172b74c522a,d3e5c04ea83f,b5879315686e,0.9012,1.5405
a336433b94f4,CHEMBL1830265,CHEMBL1830276,415340b91415,72052de627b6,c3d890e54028,c3d890e54028,0.8974,1.5405
0983c1bed495,CHEMBL4634127,CHEMBL4643111,e6ff095c342a,0cf25a31778d,997b9640c683,28510fc34321,0.8652,1.5394
1728c155f204,CHEMBL3671491,CHEMBL3671522,d4663262efd5,c95e2cb3a675,3e29b80f74c6,3e29b80f74c6,0.8657,1.5378
85c4a4fc2600,CHEMBL591039,CHEMBL592216,708ae7e8f9dd,a2f328d67d51,3e29b80f74c6,3e29b80f74c6,0.9464,1.5369
aab1e81c59ea,CHEMBL4211835,CHEMBL4213519,0d3b1c04422c,bb5ea17ab739,c8246288cb2b,c8246288cb2b,0.9104,1.5355
5711d2a4eeeb,CHEMBL3933568,CHEMBL3938494,a67f6d51b3ff,ce9c32814987,49ff8153b0c8,49ff8153b0c8,0.863,1.5246
d51b6b08e7bd,CHEMBL5783967,CHEMBL6011854,a32a34b83d36,ca2d6afb1acb,4f9efeb09982,4f9efeb09982,0.8916,1.5234
a590d9ef91fc,CHEMBL5808896,CHEMBL5951245,d2befa63dadc,b93a6f2d3504,f05b463c4807,f05b463c4807,0.8824,1.519
1282e0ef3b16,CHEMBL5076986,CHEMBL5078816,cf46d5ef713c,d4ea7fb38069,9b2aaf89f954,9b2aaf89f954,0.8592,1.5185
f6f78135ce60,CHEMBL5747445,CHEMBL5985094,7c1d024dd92a,cc065e5014ff,e75fd5c2c911,e75fd5c2c911,0.8974,1.5184
6ef3db373cb8,CHEMBL132169,CHEMBL435809,de295493b2eb,e2f28dbd1753,67cab29be820,67cab29be820,0.8846,1.5149
ff40aa8e9a52,CHEMBL5909490,CHEMBL5918833,d04adcd1ebb6,9e028aaf68ae,d0ea4281d43e,75307b96f247,0.8889,1.5143
ba0ee67e51b3,CHEMBL3353410,CHEMBL4454745,2255e7269aad,dce681aaf907,4aa52b594411,4aa52b594411,0.88,1.513
d6563cc1c5e9,CHEMBL4646638,CHEMBL4648924,32adf2587025,b5bd5f3e3ce4,71ae5956ab77,997b9640c683,0.9438,1.5128
79a0bfe12bd0,CHEMBL3263962,CHEMBL3263966,5e532121663b,69be73a5ecdf,723109a199f9,250541030665,0.8659,1.5124
d5880a90298c,CHEMBL3604943,CHEMBL4454929,a54ff845d157,03f37b84d8db,a68a0d7dd4f9,704f21d1a785,0.88,1.5122
b9cc6baf948d,CHEMBL3944027,CHEMBL6016385,1346df8dbe96,779627be212b,26d6f17b0813,26d6f17b0813,0.9032,1.5119
90632f88f914,CHEMBL3699589,CHEMBL3699616,c507e5fef6fd,0f2c7c40b073,0b0bb31fe13d,0b0bb31fe13d,0.8795,1.5119
fe6cdde23f0f,CHEMBL1079742,CHEMBL3741490,f99cb62860a4,dd80bcce5bcb,3e29b80f74c6,3e29b80f74c6,0.9038,1.5106
fcfdf6b94f7d,CHEMBL5272004,CHEMBL5281140,df7c18e68a76,a0f83366f55c,c346e3f655ed,c346e3f655ed,0.8947,1.5072
708a5f780b0a,CHEMBL5934396,CHEMBL6043073,193853e02e69,f97978aff89e,b2a4937fcc48,b2a4937fcc48,0.8571,1.5072
3c3c84321dce,CHEMBL5945683,CHEMBL5977533,c128b8e5b2b2,7bbceb42617d,102b8afb7edf,102b8afb7edf,0.8667,1.5061
aa1dac58425d,CHEMBL3671490,CHEMBL3671503,8f78d6223c78,8ef7022996f9,3e29b80f74c6,3e29b80f74c6,0.9508,1.5051
829b4c436191,CHEMBL117324,CHEMBL157128,18b49c88bd8b,25e2d7a3fb4e,cac07f58500f,cac07f58500f,1.0,1.5
9a1a5e02080f,CHEMBL3671499,CHEMBL3671535,7d7afb080c18,79dfb0326223,3e29b80f74c6,3e29b80f74c6,0.875,1.4997
45faa63ff7bd,CHEMBL5939157,CHEMBL5947797,d2463f6189c7,b8df2b5fab2c,854085c2ae02,854085c2ae02,1.0,1.4991
ccb9f0f849f9,CHEMBL1080506,CHEMBL1082012,165c692ecbc1,0e886408b21f,5b9d39035a31,7f6a65b8a2a2,0.8795,1.4906
6dcaee308902,CHEMBL329642,CHEMBL93464,2b76c2f5481b,6f03773f8eac,3e29b80f74c6,3e29b80f74c6,1.0,1.4902
23dbe4beaf1a,CHEMBL255170,CHEMBL257872,afc4fe136f01,49f39ed0dbb3,e58974eff7a3,e58974eff7a3,0.8611,1.4894
9fe9c8722483,CHEMBL3671572,CHEMBL3671579,f6dbf0038d6b,ab305696a021,47a8990bceb4,dae618766e8f,0.88,1.4892
594da110aeb1,CHEMBL3671577,CHEMBL3671579,cf044be013d6,ab305696a021,d3bb82dd8092,dae618766e8f,0.8649,1.4892
a6efeb0d1a1d,CHEMBL5779576,CHEMBL5814794,45c15b8e1db7,e03569fc6136,2d47a0e74661,61386ecdc77d,0.9043,1.487
536be3e7a72e,CHEMBL3403515,CHEMBL3403517,c64d9ddf7a50,8448a75adeea,a9ecaa8fcafe,58ea6a45b2fb,0.8958,1.4822
6fe51d81298d,CHEMBL122397,CHEMBL122721,760caf8c0d28,e046623e1e30,f573aa99b3be,f573aa99b3be,1.0,1.4803
952a07e45019,CHEMBL3235203,CHEMBL3235204,03924ff05e6f,5eeef6e6d2c7,ac4865952610,ac4865952610,0.8592,1.4798
274a51289b00,CHEMBL4471491,CHEMBL4515673,2044fa6577c8,e3dbbe0459af,5c3295f7e007,5c3295f7e007,0.8537,1.4798
c1fb6121196e,CHEMBL5952854,CHEMBL5972309,7b92c7a33692,e870abd284fa,e392073982b0,904246bda3ab,0.8539,1.4777
db2bad92e04a,CHEMBL604485,CHEMBL606466,b154d8af4626,137e694c8615,912fe434e1f0,c9c1b60fac08,1.0,1.4771
acba154bd0b9,CHEMBL3741490,CHEMBL553,dd80bcce5bcb,f99cb62860a4,3e29b80f74c6,3e29b80f74c6,0.9038,1.4771
a0e34e728cb9,CHEMBL170438,CHEMBL171311,702451cefa62,14a7c7075d12,90addc6bed2e,90addc6bed2e,0.8723,1.4771
5e4aa7fb50fc,CHEMBL5783967,CHEMBL5898457,a32a34b83d36,aabef628b63a,4f9efeb09982,4f9efeb09982,0.8916,1.4723
af5d15563421,CHEMBL5786132,CHEMBL5954442,4423b7e08cc1,7c810c606a73,e392073982b0,7b8edcee10ac,0.8837,1.4717
5096442db857,CHEMBL5394139,CHEMBL5437181,8e233403c4b6,9d946b92a15c,9abd5cb7fd04,3daf69fb1e09,0.9322,1.4713
e84f8c8ce8fc,CHEMBL5273994,CHEMBL5284848,c34e4bac8792,376451bd3d74,8b8dc82425ad,8b8dc82425ad,0.8689,1.4673
1d260c1ef013,CHEMBL3088220,CHEMBL3088224,f97d173c7e17,85f8cd242ee2,bd9f78919521,bd9f78919521,0.8727,1.4652
08906e4199fa,CHEMBL5783822,CHEMBL5828031,af5276bde3d4,a2437af604b0,6d7cbc7a833d,9d8e26e8eda7,0.8507,1.4642
a429224325fa,CHEMBL5204270,CHEMBL5206902,4ef92ca6b092,a730652592a5,7782fa5ac508,1f8f0e106aae,0.8857,1.4624
a2b9b40bede4,CHEMBL184682,CHEMBL187007,0376c3e90f93,5766753dcb66,b5d5842db796,b5d5842db796,0.873,1.4624
bfbe10510e3d,CHEMBL593911,CHEMBL593987,57ac29c8d31b,4e3c9d32aaf6,912fe434e1f0,c9c1b60fac08,0.8767,1.4574
d671503da01d,CHEMBL4129387,CHEMBL4129646,f43184d2c575,9cf4fb44a9cb,63ac604009aa,63ac604009aa,0.8605,1.4489
59455358ebb9,CHEMBL5804773,CHEMBL5917246,96490f209e49,fb3eb29d2c1d,f9e6a0eb24e7,fa2a3fef64d6,0.8765,1.4472
7d83eae38e16,CHEMBL251123,CHEMBL399371,41a302e55b20,c07a3d28cae2,d21d9c1c2bb1,9b7d97bc9871,0.8667,1.4472
e6eb91b8ad9b,CHEMBL5271155,CHEMBL5290503,892e6ac69105,9c52efe29e1e,8b8dc82425ad,8b8dc82425ad,0.8507,1.4472
b80d99a634da,CHEMBL179363,CHEMBL179527,9146c98639ac,dd8e4ced61a2,bedf6cea4efd,bedf6cea4efd,0.8916,1.4449
4db0a38696be,CHEMBL5076986,CHEMBL5091683,cf46d5ef713c,db2eae6bc7f6,9b2aaf89f954,9b2aaf89f954,0.8696,1.4409
8b2e9e14a2b2,CHEMBL598520,CHEMBL611681,1e34ca589fbb,2e89dd3ac6de,bf0b7f58151c,bf0b7f58151c,1.0,1.4403
53a2658aa55a,CHEMBL5405163,CHEMBL5770549,63487084974e,b144f0cf7d83,f05b463c4807,f05b463c4807,0.8514,1.44
d2f1a591ac8f,CHEMBL5939208,CHEMBL5961822,dd96c32ade14,4046fd13aa0b,bb39a6ae6338,bb39a6ae6338,1.0,1.4387
8570769dd3f6,CHEMBL435809,CHEMBL608533,e2f28dbd1753,09604d4145a7,67cab29be820,67cab29be820,0.9324,1.4357
5d552eb82cba,CHEMBL2087361,CHEMBL4453068,d70393bde4a8,8ae8ea602892,39a4d3f53ed3,41118d4fb850,0.9348,1.4268
2be1b397c0b7,CHEMBL5783967,CHEMBL5811714,a32a34b83d36,73b692a6fe35,4f9efeb09982,4f9efeb09982,0.8953,1.4265
f970c6af2719,CHEMBL1683962,CHEMBL1934624,5703f9b98370,b4eb33afcc05,c6504c959e22,04dc10a0ecd2,0.875,1.426
211dc0e821db,CHEMBL5852720,CHEMBL5940711,124268b00cfb,9cbac1665fbc,4f9efeb09982,4f9efeb09982,0.8554,1.4205
b986d77fa8b5,CHEMBL6120461,CHEMBL6152895,0f867eca46a9,8fe230198ad5,ba7e02001480,d7fe46d89223,0.8795,1.4184
167f33490b07,CHEMBL3671495,CHEMBL3671521,1ca5635a4d11,abc90f77d1c2,3e29b80f74c6,3e29b80f74c6,0.8676,1.4082
ae7a826dfe68,CHEMBL4069277,CHEMBL4104658,308f832cdc60,d482a06e5a66,7195067b08f6,7195067b08f6,0.8929,1.401
76b10a258b7a,CHEMBL3235202,CHEMBL3235204,2d59ccc1e548,5eeef6e6d2c7,ac4865952610,ac4865952610,0.8714,1.3993
115293716e0b,CHEMBL1873475,CHEMBL4099713,d99fc32ad511,b48d181d2a6f,ce31abc46830,3e0ea7a2c961,0.8548,1.3979
01450aca7927,CHEMBL5273000,CHEMBL5280575,4555aa81ce23,451fd0b9529b,8b8dc82425ad,8b8dc82425ad,0.8615,1.3936
8133a860cfdc,CHEMBL2032376,CHEMBL2032378,fcec47647f80,6c13c6c614db,b4a7bee18d68,a187869931ae,0.9079,1.387
a821614794a1,CHEMBL6142457,CHEMBL6174175,dd22feafe7b3,8a370ce8685c,dfcb99ad17c3,dfcb99ad17c3,0.8608,1.3842
6f9460609683,CHEMBL4071474,CHEMBL4074601,f540f3490890,6d5de50048a1,06721c212967,06721c212967,0.8537,1.3838
c7af96c88a15,CHEMBL3353410,CHEMBL4566583,2255e7269aad,8f6caf5347f6,4aa52b594411,4aa52b594411,0.8571,1.3773
0fe7f5dbdb7f,CHEMBL175621,CHEMBL359629,af5f0622a39a,47f96447d3c5,77dd3bedc04d,2ace146af214,0.8605,1.3766
9ba660c0dd49,CHEMBL4276842,CHEMBL4293051,197a28e5edb1,28ce785cc0c4,c5d7eb62c892,c5d7eb62c892,0.85,1.3729
4d6cf9c98719,CHEMBL5852605,CHEMBL6010206,b6760cd9c2d2,a65e37d62453,1cbab3d8e35b,d8b32be2a822,0.8605,1.3711
86da396d63ff,CHEMBL3088219,CHEMBL3088225,9aa2a6ddf94a,a4edfa39701c,bd9f78919521,bd9f78919521,0.8571,1.3674
8aa7b75e906d,CHEMBL1958210,CHEMBL1958215,9d4f9f29c082,ced9c11bceb1,e86aff8ffb35,e86aff8ffb35,1.0,1.3664
43637608b657,CHEMBL5810347,CHEMBL5882108,f3314093ac7b,b8348831b7b1,4f9efeb09982,4f9efeb09982,0.8588,1.3659
0e68178c25c5,CHEMBL3087205,CHEMBL3087207,2e3fa31a483b,132fa7f466be,b10ff27d46da,e283e562f817,0.9286,1.3654
579aeed138cb,CHEMBL3897363,CHEMBL3969628,174f7eaeea81,b5bd6c81c1ac,51b375034a5b,2176ddabf3eb,0.8784,1.3617
cb1dbe5ba4b4,CHEMBL5170303,CHEMBL5181437,510935839929,2a0a68c299dd,14f6e48835a8,0e1ca63ffc50,0.9067,1.3596
b99e2e9711f5,CHEMBL5842694,CHEMBL5917624,4622c4a34461,6b4a64f57ca7,99aad6ecfa10,99aad6ecfa10,0.8676,1.358
01198d567124,CHEMBL175557,CHEMBL360933,938e84390f26,bb48fad3fc8a,5391df8f0115,683f54cf27de,0.8736,1.3522
0cc1be644cf1,CHEMBL3671502,CHEMBL3671504,4414b4fe4c2c,4c1b0ba3c6d2,3e29b80f74c6,3e29b80f74c6,0.8525,1.3522
c11250c6f4ce,CHEMBL5945723,CHEMBL6012149,f7f3abcc3ee7,f0cfe8f97dce,833591a78970,a1f6eb27cce6,0.8806,1.3519
6c37c1b77f03,CHEMBL5570486,CHEMBL5597403,0559fe40e1e8,3cd3d8384c47,566915bf0617,566915bf0617,0.8873,1.348
68bab759c439,CHEMBL3671497,CHEMBL3671529,156bcecb367c,818cb0272c90,3e29b80f74c6,3e29b80f74c6,0.8507,1.3473
3b6c2511e413,CHEMBL5814661,CHEMBL5952854,0da373b4acf1,7b92c7a33692,b863e5758f53,e392073982b0,0.8837,1.3463
3803be2cf03f,CHEMBL593860,CHEMBL604893,6e5acd2d1644,89fe893c07a1,c9c1b60fac08,912fe434e1f0,0.8767,1.3424
64615b599141,CHEMBL4448162,CHEMBL939,6ddd4fa755a1,d3cd41e66be7,3f8b323fd268,3f8b323fd268,0.8571,1.3424
95166d053923,CHEMBL3671576,CHEMBL3671579,9bcaa2568b17,ab305696a021,2b0dcab87037,dae618766e8f,0.9714,1.3411
770679cb64a5,CHEMBL3237947,CHEMBL3237948,a905951c4ee8,97a61b2d7104,a1f06650e957,a1f06650e957,0.9167,1.3409
ba176736eda4,CHEMBL175621,CHEMBL360519,af5f0622a39a,52abcd0abfde,77dd3bedc04d,bedf6cea4efd,0.8675,1.3352
f9a229d8deb0,CHEMBL5772994,CHEMBL5864704,f191f3da3e95,be1a5bd63fd9,eca140d2bda7,2c0982860ee7,0.8784,1.3326
61ae9fbff906,CHEMBL104244,CHEMBL106232,6c0d1045a769,5dae643b3fb7,00227faa0586,1d7a7b878b5f,0.9821,1.331
1269832500b7,CHEMBL2031298,CHEMBL2425735,bd488b4f6dd7,b7d5d4f88d33,561d1eb7eb61,485ff0f81451,0.8983,1.3245
9a82b15a2903,CHEMBL1934624,CHEMBL1934626,b4eb33afcc05,6e6b5a534dfd,04dc10a0ecd2,04dc10a0ecd2,0.8514,1.3245
053695510431,CHEMBL5862436,CHEMBL5954442,696d377fc228,7c810c606a73,e392073982b0,7b8edcee10ac,0.8736,1.3233
d7ad1ec02466,CHEMBL2419760,CHEMBL3040806,261187cb21fc,b7662ff845d2,261187cb21fc,b7662ff845d2,0.8636,1.3222
4b6ed40ef68a,CHEMBL3040806,CHEMBL3040861,b7662ff845d2,261187cb21fc,b7662ff845d2,261187cb21fc,0.8636,1.3222
0c39b095f10c,CHEMBL593760,CHEMBL606466,a4097c60fa82,137e694c8615,912fe434e1f0,c9c1b60fac08,0.8533,1.3203
bad52ec6fbc7,CHEMBL3676342,CHEMBL3676352,abfeaf937751,de4e09dc5f9d,3e29b80f74c6,3e29b80f74c6,0.873,1.3193
9c68e9151ede,CHEMBL591038,CHEMBL591040,a84062a859cc,dbb0eb72f5b3,3e29b80f74c6,3e29b80f74c6,0.9483,1.3166
f4fb54e114a4,CHEMBL3622650,CHEMBL3622658,6a108e38bd47,5576eaebf9a8,fee7f868ab1e,12f3367b76d8,0.8588,1.3147
93db60987175,CHEMBL5414141,CHEMBL5420623,b5313d73b70c,d025a05c8dd2,a377c46f694d,a6a5ef47ef43,0.8529,1.3129
f8167e0ad297,CHEMBL5783967,CHEMBL6061803,a32a34b83d36,d6f4eedea86d,4f9efeb09982,4f9efeb09982,0.8953,1.3126
12181c740fcc,CHEMBL3671499,CHEMBL3671542,7d7afb080c18,c536f51417a8,3e29b80f74c6,3e29b80f74c6,0.875,1.3096
da6515bbaac7,CHEMBL3676347,CHEMBL3676368,f5b63b0e2c0e,363d10328769,3e29b80f74c6,3e29b80f74c6,0.8831,1.3072
2740f498b7f4,CHEMBL5743634,CHEMBL5770549,11f8d7226c98,b144f0cf7d83,f05b463c4807,f05b463c4807,0.8553,1.3062
3d42381756de,CHEMBL5762347,CHEMBL5843126,6c15b5b02e77,3ae50380ff63,06d962f898d4,b2a4937fcc48,0.9091,1.3048
39dd69cd6a75,CHEMBL251315,CHEMBL3085375,53cbc6c9601b,d1cb7403d788,67beac06de99,67beac06de99,0.8594,1.3023
9dff633ef6b9,CHEMBL597303,CHEMBL598520,2ddd7dd6cd52,1e34ca589fbb,bf0b7f58151c,bf0b7f58151c,1.0,1.2983
dfd8badd73c3,CHEMBL5885640,CHEMBL5916523,5ab34a535588,8dfea7a4da45,e75fd5c2c911,e75fd5c2c911,0.8608,1.2955
ae34b3fbf21f,CHEMBL5747445,CHEMBL5786339,7c1d024dd92a,ec7f94d46843,e75fd5c2c911,e75fd5c2c911,1.0,1.2891
2ff3d297e81b,CHEMBL4856343,CHEMBL4865792,e086c28ba094,ca09548230e1,fb866faba5fc,fb866faba5fc,0.8676,1.289
5bf40533c281,CHEMBL5280575,CHEMBL6164475,451fd0b9529b,b290d459a1dd,8b8dc82425ad,8b8dc82425ad,0.875,1.2871
3b1f1b92fc45,CHEMBL3671499,CHEMBL3671503,7d7afb080c18,8ef7022996f9,3e29b80f74c6,3e29b80f74c6,0.8571,1.2833
80c2fee9293a,CHEMBL6188862,CHEMBL6193031,4b4c3f52f1e8,0b2d1206c419,df14004e51e1,7832cd2d32e3,0.8548,1.2794
b36f5c8c90c6,CHEMBL3357643,CHEMBL3357644,f522a5916c5a,bab11409adfc,b496c3cf3ab0,b496c3cf3ab0,1.0,1.2734
012ad01b1d9a,CHEMBL4471491,CHEMBL4531912,2044fa6577c8,62002b27d93e,5c3295f7e007,4d001f99a956,0.8537,1.2727
f7e75c74ad78,CHEMBL5756778,CHEMBL5763277,73d4f8f5d066,711560267b0c,558a55bd1de8,558a55bd1de8,0.8636,1.2711
ba773570959e,CHEMBL3745929,CHEMBL3746642,20a4945eb491,be74bf1448b2,8ad17c02f47f,8ad17c02f47f,0.8611,1.2689
983be5efab2e,CHEMBL5282641,CHEMBL5286007,2af07a3a6664,afa38c77909a,c039e524a45f,72cc393d0025,0.9286,1.2661
5a6a8ff655d5,CHEMBL3671524,CHEMBL3676390,f980bc457e78,76c898d0c91a,3e29b80f74c6,3e29b80f74c6,0.9091,1.265
86e2ed714643,CHEMBL3671518,CHEMBL3676390,c86282d48ae3,76c898d0c91a,3e29b80f74c6,3e29b80f74c6,0.8657,1.265
2bbce3925a0d,CHEMBL3965948,CHEMBL3969628,20949460e4be,b5bd6c81c1ac,c3ee744331fb,2176ddabf3eb,0.8784,1.2648
4f554bd7c3d5,CHEMBL5768138,CHEMBL5954442,c13a3468575c,7c810c606a73,e392073982b0,7b8edcee10ac,0.8736,1.2627
4233f8a31ac6,CHEMBL5932679,CHEMBL5954442,93d792634add,7c810c606a73,e392073982b0,7b8edcee10ac,0.8736,1.2613
1da1671e5255,CHEMBL3746268,CHEMBL3746473,727818cff6f2,fa1490832120,8ad17c02f47f,8ad17c02f47f,0.8955,1.26
17c3885424a1,CHEMBL5269375,CHEMBL5275642,083c2f8db76f,4e44ae246a2d,a68a0d7dd4f9,a68a0d7dd4f9,0.8732,1.2597
6af4e6f437c2,CHEMBL1812570,CHEMBL1812573,504482ed0e53,ace795496d16,da3565ff60dd,da3565ff60dd,0.8571,1.2591
1189a0ba6893,CHEMBL6042374,CHEMBL6043242,f02f40d8de2e,4451762ae80b,8b662d2f812e,8a0ea49f09b8,1.0,1.2585
cb53167377ed,CHEMBL6188493,CHEMBL6191894,4d9a41becb28,9845465c72ac,9455c4c7eafd,9455c4c7eafd,0.8654,1.2575
763a4f410ebf,CHEMBL3612561,CHEMBL3612563,78d3dc0394dd,8ef4027dabde,ed514f651857,ed514f651857,0.8525,1.2571
ce3622d0b33f,CHEMBL4450843,CHEMBL4463012,e369a09cd02c,ad21a685ab04,3b812260fda9,3b812260fda9,0.863,1.256
80fdcf56a737,CHEMBL175556,CHEMBL360933,a99cc1a05cf4,bb48fad3fc8a,60e38b0c0f41,683f54cf27de,0.8736,1.2553
319d762f2000,CHEMBL594661,CHEMBL595406,00aa95a2b38d,6cb59066b5c6,912fe434e1f0,c9c1b60fac08,0.8533,1.2553
66d418900635,CHEMBL4087243,CHEMBL4104658,441fdfdd6088,d482a06e5a66,7195067b08f6,7195067b08f6,0.9024,1.2546
665c83eaa93d,CHEMBL1242290,CHEMBL1242752,d0ae86f5ce96,ed83a431589b,77a982b31a34,77a982b31a34,0.8542,1.254
e1b8bc04c2d9,CHEMBL248044,CHEMBL248220,3c24b76dde96,2484236e9b15,aafe7c093fa1,2280c3a8a9f6,0.8571,1.2526
d77276797278,CHEMBL3671499,CHEMBL3671529,7d7afb080c18,818cb0272c90,3e29b80f74c6,3e29b80f74c6,0.8615,1.2504
c3397fc0cb8b,CHEMBL3746642,CHEMBL3746980,be74bf1448b2,8c93d119d892,8ad17c02f47f,8ad17c02f47f,0.8986,1.2463
fc877d3ec24e,CHEMBL5290340,CHEMBL6162368,51c8063292ce,087f0377f4fc,8b8dc82425ad,8b8dc82425ad,0.8507,1.2455
803d319c578e,CHEMBL6035726,CHEMBL6061899,722b97b9cc60,786903256132,9838980ead67,8f6929c4e1e2,0.8506,1.2448
42e6d84b3692,CHEMBL5406951,CHEMBL5419520,15ac3c3c2fc8,6fdca40a15c9,e22457441a57,e22457441a57,1.0,1.2447
46f7135a7f87,CHEMBL4856343,CHEMBL6146213,e086c28ba094,0a9088452038,fb866faba5fc,fb866faba5fc,0.8551,1.2447
1da5dc64dce2,CHEMBL3934556,CHEMBL507714,c95bef008e72,79681303a6b1,8d62d6461fbe,8d62d6461fbe,0.9072,1.2441
5e20d5813999,CHEMBL3904450,CHEMBL507714,18ed068e5948,79681303a6b1,3c16a674ed28,8d62d6461fbe,0.9022,1.2441
7f6eba71198f,CHEMBL3237931,CHEMBL3237934,51b23cd847fd,a337bc22f1a5,832edbb4f4a1,5d13daeea8c3,0.9459,1.2413
fb65a1abccfc,CHEMBL1821869,CHEMBL1821872,7c55f473b18b,0cbb6d11aa35,b317aacde4c6,b317aacde4c6,0.8571,1.2389
b72fd1ad40cb,CHEMBL338448,CHEMBL435809,f008e2f768de,e2f28dbd1753,67cab29be820,67cab29be820,0.9324,1.2374
6766c3870d01,CHEMBL5814661,CHEMBL6026192,0da373b4acf1,63ae01263346,b863e5758f53,b863e5758f53,0.8652,1.2366
61630387129c,CHEMBL1241580,CHEMBL1241676,67ec3d4c96b5,4d132a3f87c0,66bd83e06791,3bcd045fc19f,0.9574,1.2346
6838a5775190,CHEMBL3957025,CHEMBL3962233,5f4cf4a908ba,a91f53e5e35a,95497d93eeeb,49ff8153b0c8,0.863,1.2304
24df7332b571,CHEMBL6145609,CHEMBL6151046,988b48e18454,c8c3bcba8bfc,7b98aeb24383,ba7e02001480,0.8667,1.2272
d1d074c1b624,CHEMBL4532084,CHEMBL4540303,7a80b400a461,432c0a2d0450,4d001f99a956,5c3295f7e007,1.0,1.227
c9c7160f454f,CHEMBL597304,CHEMBL598520,51eb4431cb1e,1e34ca589fbb,bf0b7f58151c,bf0b7f58151c,1.0,1.227
5e42cdcaf592,CHEMBL1204168,CHEMBL29197,54742dcd53e7,54742dcd53e7,3e29b80f74c6,3e29b80f74c6,1.0,1.2233
db3d5535cb46,CHEMBL175101,CHEMBL176891,584b487d1c8b,35179f4c2a4e,c28414362dcd,9822f7d34b2a,0.9245,1.2218
8a41073f6184,CHEMBL5411886,CHEMBL5440481,0ee2e5a7f410,746c698b8bd1,f8a50a0b3872,6d7157893753,0.8667,1.2218
82627139628f,CHEMBL4635100,CHEMBL4642158,e9ba4dfdec50,a1d6cc0858ba,bbd1bb786c8e,997b9640c683,0.9875,1.2194
ade1d4bc801e,CHEMBL5265927,CHEMBL5273994,f406c7308369,c34e4bac8792,8b8dc82425ad,8b8dc82425ad,0.8689,1.2128
fa6ab8bb29d7,CHEMBL3087205,CHEMBL3087208,2e3fa31a483b,adbbe0257a30,b10ff27d46da,bb23d8848399,0.9268,1.2127
013c99b47b61,CHEMBL175556,CHEMBL360211,a99cc1a05cf4,e5c1650deebd,60e38b0c0f41,4ccebc3f79f6,0.988,1.2055
bb9898f60800,CHEMBL4129387,CHEMBL4129781,f43184d2c575,eef51d2d2d9b,63ac604009aa,63ac604009aa,0.8588,1.2049
a7ed1ecc7310,CHEMBL257859,CHEMBL271705,b1c53b020a6f,5dac07804c04,5fc91e3beb6b,238f63ad373d,0.9275,1.2041
ffacaf34ba6a,CHEMBL593860,CHEMBL596087,6e5acd2d1644,670b75d358d2,c9c1b60fac08,c9c1b60fac08,0.8889,1.2041
4c47c66d36e3,CHEMBL3676341,CHEMBL3676349,8b8fca338cea,dc2b9fe8ed55,3e29b80f74c6,3e29b80f74c6,0.8788,1.2041
3a4e40f96499,CHEMBL5182553,CHEMBL5195912,4cb62d248375,5774550ecd44,9b11ce57cc12,b4cc2058544e,0.8784,1.2041
b919ed935512,CHEMBL3746473,CHEMBL3747079,fa1490832120,9ae20f5a0672,8ad17c02f47f,8ad17c02f47f,0.8676,1.2031
ddc3c492b78c,CHEMBL299026,CHEMBL45827,f6bf984ede1f,c2c1319cb903,b81d4b777183,b81d4b777183,0.9524,1.2013
07adfd1f3a88,CHEMBL179363,CHEMBL179659,9146c98639ac,9dd6b6eeb24e,bedf6cea4efd,bedf6cea4efd,0.8916,1.2002
d09a2c4b5c44,CHEMBL5076986,CHEMBL5086894,cf46d5ef713c,183de4df4391,9b2aaf89f954,9b2aaf89f954,0.8592,1.1996
8d504cc87a0b,CHEMBL5277739,CHEMBL5281748,e87dcfe92e7b,93f34eee3662,c039e524a45f,c039e524a45f,1.0,1.1987
c004ae8d5f23,CHEMBL5282641,CHEMBL5283507,2af07a3a6664,0848775e97ef,c039e524a45f,c039e524a45f,0.8571,1.1979
27ec9fd568b4,CHEMBL3671476,CHEMBL3671479,e1f6e1f0252a,733069f38d6e,28e5ce5d477c,28e5ce5d477c,0.8514,1.195
9760578c7be0,CHEMBL2179119,CHEMBL4070454,562a8d8aee0e,234bd5635c94,6bb3b0054981,6bb3b0054981,0.9,1.1934
8f71b0e42620,CHEMBL495979,CHEMBL496174,ba8ca58a6715,4c5103a83c41,ba39dbc82ec7,ba39dbc82ec7,1.0,1.1923
d24e4211148d,CHEMBL5755313,CHEMBL6042374,a78d526f4818,f02f40d8de2e,015c4069faa6,8b662d2f812e,0.8764,1.1901
10c62ec4318f,CHEMBL4070640,CHEMBL4078801,fc6cf0b05b86,d3c5a818f950,06721c212967,06721c212967,0.8837,1.1865
90007ef41c70,CHEMBL5890119,CHEMBL6064874,02462e76806c,af578fdaf03e,6b6f1485866c,6b6f1485866c,0.8961,1.1863
6e90afb95933,CHEMBL3263960,CHEMBL3263963,b9f47153914b,c4b1e84a50c0,cbf40f6c5e6c,5d7aa726270f,0.8916,1.1856
8aa3f81a30ac,CHEMBL246491,CHEMBL394057,7580022c7ae1,3c4d313a1d0e,8a0d78a7d34b,8a0d78a7d34b,0.863,1.1856
6d7edeecccb2,CHEMBL338049,CHEMBL338155,0b831053700b,48d193ad5622,a9e4bd30086e,a9e4bd30086e,1.0,1.1845
56b8221f0c14,CHEMBL391675,CHEMBL392273,c8dc6c573d98,1717f0e54c34,1c80fa9e07ee,a5d1baac9136,0.8714,1.1805
641ffa6f375e,CHEMBL495617,CHEMBL527026,4d59733c11a6,edf2c6b7d595,dde94828be2e,dde94828be2e,0.9067,1.1801
fa583c73d86a,CHEMBL4745868,CHEMBL4789716,5bd04b1048e7,80f676af0297,fb866faba5fc,fb866faba5fc,0.8657,1.1793
36b894e82cce,CHEMBL4063067,CHEMBL4070640,c338ea711c8c,fc6cf0b05b86,06721c212967,06721c212967,0.9048,1.1782
0e10a3aff8bc,CHEMBL5799106,CHEMBL5919894,618e1ceb64fa,df040b015562,17c7e0a76465,6ab9bc839c84,0.8852,1.1715
575a67a27eee,CHEMBL590559,CHEMBL591040,82afcfa7774b,dbb0eb72f5b3,3e29b80f74c6,3e29b80f74c6,0.9828,1.1679
d30b59063b79,CHEMBL5862480,CHEMBL5899856,64aa64b9f8bb,5fc2a4fa6ae9,f3aa8e6c129c,be8d5c447bcd,0.8936,1.1676
2d04310fe57a,CHEMBL5814661,CHEMBL5998662,0da373b4acf1,d50b13b922ab,b863e5758f53,b863e5758f53,0.8652,1.1675
62d41b7355c1,CHEMBL3746387,CHEMBL3746642,6dcf1cff1be6,be74bf1448b2,8ad17c02f47f,8ad17c02f47f,0.8611,1.1671
2571b7efc565,CHEMBL593292,CHEMBL595615,056cd564eca8,a05698373743,912fe434e1f0,c9c1b60fac08,1.0,1.1633
dbecb739230c,CHEMBL5170303,CHEMBL5201250,510935839929,39d0f2d5aefe,14f6e48835a8,809a2d458033,0.9067,1.1614
ae41552609e2,CHEMBL3671496,CHEMBL3671512,71116ee25646,8529dcf043cd,3e29b80f74c6,3e29b80f74c6,0.8529,1.1614
3d27b0694eea,CHEMBL434720,CHEMBL440935,704618011766,38c1b9096814,bedf6cea4efd,bedf6cea4efd,0.8846,1.1611
125da0ce05ff,CHEMBL5818938,CHEMBL6022955,0a46d16a04d1,28dfd8a6ae1a,70268b1950b3,bf2ea990703d,0.8696,1.1594
f43ae44d1cf8,CHEMBL5170303,CHEMBL6142537,510935839929,81acb3147c9e,14f6e48835a8,ef5aff0dc63b,1.0,1.157
c5aa47f9f4e9,CHEMBL6102895,CHEMBL6148115,4be5f98cb93d,225d1865de2f,ba7e02001480,d7fe46d89223,0.8824,1.1547
1ef77c49a05d,CHEMBL5799106,CHEMBL5968961,618e1ceb64fa,0866ba48bd05,17c7e0a76465,c346e3f655ed,0.8525,1.1547
4d9071595cfd,CHEMBL5741413,CHEMBL5875860,e7e9b0637c66,c04c6941a883,968c5279126a,00052de71bb4,0.9104,1.1546
5dbce9e0a6a1,CHEMBL3088219,CHEMBL3088224,9aa2a6ddf94a,85f8cd242ee2,bd9f78919521,bd9f78919521,0.8571,1.154
b7ecdf173a58,CHEMBL3902295,CHEMBL3940060,9863ef9d6ed3,104a68429b5c,ed514f651857,ed514f651857,0.8788,1.1536
f74de778c3a8,CHEMBL3746473,CHEMBL3747055,fa1490832120,630c9579303e,8ad17c02f47f,8ad17c02f47f,0.8571,1.1532
278b0294c92e,CHEMBL3092306,CHEMBL3092313,89f38153ea33,7571407aaf3e,a83b5fc8b57c,a83b5fc8b57c,0.9221,1.1495
cb62fff52c90,CHEMBL175556,CHEMBL362824,a99cc1a05cf4,6fb69ca88412,60e38b0c0f41,cebca61bc501,0.8539,1.1492
3ea8257ce5f9,CHEMBL5568705,CHEMBL5584189,7fff4efebbd9,6d3220c35a6f,4a2e51ca850c,4a2e51ca850c,0.8718,1.1467
89c87ad89c75,CHEMBL3962233,CHEMBL3979264,a91f53e5e35a,197627c63e9c,49ff8153b0c8,49ff8153b0c8,0.9014,1.1461
fa891f87288c,CHEMBL4860527,CHEMBL4878626,9d63b370fd46,54b4f594b69e,e2338bb80055,ca15f24724b8,0.9014,1.1451
3dcda623bd73,CHEMBL5565503,CHEMBL5568705,a5d82b8a3ef0,7fff4efebbd9,4a2e51ca850c,4a2e51ca850c,0.8519,1.1421
452b5c50434d,CHEMBL3923551,CHEMBL3979264,c6ef32e1cb14,197627c63e9c,49ff8153b0c8,49ff8153b0c8,0.8551,1.1417
08cbea26e0f1,CHEMBL360933,CHEMBL368702,bb48fad3fc8a,77d5487073e7,683f54cf27de,28727598c32c,0.9048,1.1413
aa819c39c293,CHEMBL5899856,CHEMBL5980088,5fc2a4fa6ae9,4ce0ae6274ec,be8d5c447bcd,8e31fe2b71eb,0.8515,1.1376
0e0085d5762a,CHEMBL5562735,CHEMBL5568705,1efab27e1aec,7fff4efebbd9,4a2e51ca850c,4a2e51ca850c,0.8659,1.1332
d7ed1db68c9b,CHEMBL5762347,CHEMBL6029813,6c15b5b02e77,6af18f2446ad,06d962f898d4,b2a4937fcc48,0.9062,1.1323
47c64f8d5aa1,CHEMBL5742327,CHEMBL6030420,6bea14c277c3,5600537f214d,6b6f1485866c,279a28788288,0.8961,1.1323
c48c97f97441,CHEMBL2032376,CHEMBL2032379,fcec47647f80,1f36107a16cb,b4a7bee18d68,261435364b52,0.8846,1.1321
5674d6d8fb82,CHEMBL5742327,CHEMBL6064874,6bea14c277c3,af578fdaf03e,6b6f1485866c,6b6f1485866c,1.0,1.1283
d9dcf9512269,CHEMBL4210550,CHEMBL4217913,4c1b5d0e236c,1546c20acb4b,c8246288cb2b,c8246288cb2b,0.8696,1.1273
4e26d9d0f9b9,CHEMBL4763697,CHEMBL4763967,a5cc5e4e4eb6,8f578f97569b,ba13fcf595df,ba13fcf595df,0.8974,1.1253
9167e912f2ba,CHEMBL3353405,CHEMBL5820028,a0fae47fc93a,081d3b1ee793,6a3893e50ea7,a73b97806e0c,0.9012,1.1249
3a48bf069615,CHEMBL5756092,CHEMBL5767790,c4b35a90c65f,e04afdf2819c,056dbb9f2542,fcdff684b32a,0.9464,1.1241
f23d380d6d82,CHEMBL3233778,CHEMBL3233780,d0b55c932bbc,838544e23336,90e33420a1fe,90e33420a1fe,0.8529,1.1224
7851b6bd25fd,CHEMBL3813728,CHEMBL3814812,ceb360a59f5d,8a6ac72fab85,5166d98098c9,0127a547687d,0.9211,1.122
2e95e1f50591,CHEMBL4543893,CHEMBL4593230,9abe05482d71,1713c8b3740c,15f0c8b4b8c5,15f0c8b4b8c5,1.0,1.1195
4f2a2d939053,CHEMBL2408826,CHEMBL2408829,58352a47359d,a416356c8801,f4b61fe7e94f,c24d4bb71862,0.8889,1.1181
c40da151a78d,CHEMBL3671496,CHEMBL3671507,71116ee25646,8e947b989ab7,3e29b80f74c6,3e29b80f74c6,0.9242,1.1139
23e3301f1be9,CHEMBL3671498,CHEMBL3676383,fbb53e1985c9,57e6fdc9d7be,3e29b80f74c6,3e29b80f74c6,0.8611,1.1139
75cf1d7a639a,CHEMBL179923,CHEMBL362232,eeb8f4f923d3,cfb61ee5a8e6,bedf6cea4efd,bedf6cea4efd,0.8588,1.1118
71b9e9d3464a,CHEMBL590558,CHEMBL592216,978c809f3e5c,a2f328d67d51,3e29b80f74c6,3e29b80f74c6,0.9298,1.1114
277ea4787263,CHEMBL4793105,CHEMBL4794857,72b331c342ee,7158c4256ff6,fb866faba5fc,fb866faba5fc,0.8571,1.1103
9caf1c9511b5,CHEMBL5755313,CHEMBL5759210,a78d526f4818,d744a78538c1,015c4069faa6,480046685af8,0.8511,1.1077
4ad56aea5ce5,CHEMBL4448148,CHEMBL4565374,3df0f61adf4a,68db9df2808a,3b812260fda9,3b812260fda9,0.8636,1.1072
44afefdd41c9,CHEMBL5786389,CHEMBL5829626,136fcac0ac1e,117ff46cbffd,17c7e0a76465,6ab9bc839c84,0.8939,1.1058
0924756d3b99,CHEMBL5082074,CHEMBL5089161,465658db5b7d,d6514cd039dc,8a5c4d261e11,8a5c4d261e11,0.9024,1.1043
a6ff098dc55e,CHEMBL1090350,CHEMBL1090354,7dbcf190e4a6,2c1294918309,7dbcf190e4a6,2c1294918309,0.8649,1.1024
b04c856ad02a,CHEMBL2441563,CHEMBL4642158,60330559774e,a1d6cc0858ba,2c7ee8ba4a92,997b9640c683,0.9048,1.1023
b4df9e3b1647,CHEMBL3912361,CHEMBL3982289,a88696d7db0c,c260b455c756,2176ddabf3eb,c3ee744331fb,0.8767,1.1015
a264af4fbde6,CHEMBL1173652,CHEMBL1173718,01bde69fb6c1,5924912d9bae,214b9e07b560,a2f5807bcccf,0.8846,1.1014
9f7e1f422ed2,CHEMBL5939157,CHEMBL6051171,d2463f6189c7,4a77f10f465c,854085c2ae02,98d2a31bb83f,0.881,1.1012
dec6348e1125,CHEMBL3353396,CHEMBL3353402,a7283c690eca,2d01cb89ec13,c063032cbf70,c063032cbf70,1.0,1.0981
23e33cbde62c,CHEMBL4205688,CHEMBL4211835,b0d38631603d,0d3b1c04422c,c8246288cb2b,c8246288cb2b,0.9242,1.0977
4d1072f101cd,CHEMBL3234752,CHEMBL3234756,251dd034c27f,3bbe48dfb94d,aeb8d1068285,aeb8d1068285,0.8732,1.0925
daf3976b7069,CHEMBL360211,CHEMBL368702,e5c1650deebd,77d5487073e7,4ccebc3f79f6,28727598c32c,0.8837,1.0915
9ede9a8a433a,CHEMBL3746473,CHEMBL3747277,fa1490832120,f8fb525140cd,8ad17c02f47f,8ad17c02f47f,0.8696,1.0892
2bc4a01f72be,CHEMBL5779576,CHEMBL5812367,45c15b8e1db7,b65e5e971a5a,2d47a0e74661,2d47a0e74661,1.0,1.0891
c770c82131c2,CHEMBL202721,CHEMBL3759754,6568d4274687,675191a9b02f,a8b741ce4637,a8b741ce4637,0.8571,1.0889
733e9028241c,CHEMBL3325473,CHEMBL3325477,584cf6a0d712,4007331cb982,d68e1c34939d,d68e1c34939d,0.8553,1.0872
ef6091b6a0cb,CHEMBL3087204,CHEMBL3087205,7b9b883e7535,2e3fa31a483b,b10ff27d46da,b10ff27d46da,1.0,1.0853
61079794a187,CHEMBL4522613,CHEMBL4552429,6ee48754dfa9,38990229cca3,cdb44fab8519,cdb44fab8519,0.8506,1.0835
926547c0633d,CHEMBL3092322,CHEMBL3092323,1edb52bd1b2f,2c5182a08289,a83b5fc8b57c,a83b5fc8b57c,0.8553,1.0827
484ed2e9dffa,CHEMBL4748367,CHEMBL4749064,f6d9b5d055a0,f2adee63e641,e22457441a57,e22457441a57,0.8788,1.0792
e697da7657ed,CHEMBL3912361,CHEMBL3921302,a88696d7db0c,3c34e911c01b,2176ddabf3eb,51b375034a5b,0.8767,1.0792
3335a65c2ec1,CHEMBL4206193,CHEMBL4211835,761a059e1cbe,0d3b1c04422c,c8246288cb2b,c8246288cb2b,0.9846,1.0781
277b5829563e,CHEMBL3545154,CHEMBL5924448,c22939ab1857,d592b338f0f8,c346e3f655ed,6ab9bc839c84,0.913,1.0775
7d46aa2878ef,CHEMBL4127317,CHEMBL4129607,83accdbf97da,d899fbfcd589,ad53fa7e8986,fc2640d6ed51,0.8929,1.0758
b0004c3aadf9,CHEMBL3699598,CHEMBL3699602,ad1591124d30,5f32c0dade65,0b0bb31fe13d,0b0bb31fe13d,0.9,1.0726
64168e7ca44b,CHEMBL3639984,CHEMBL3699584,9cc912a860b1,87fe8328d676,fb866faba5fc,fb866faba5fc,0.8718,1.0726
03cf0a86249f,CHEMBL5792219,CHEMBL6042374,440efa023244,f02f40d8de2e,5893fa566b59,8b662d2f812e,1.0,1.0708
59401c21cfa4,CHEMBL4214567,CHEMBL4452106,e2a3c5415ffb,5e9943fa47e3,d194ca5a1b41,d194ca5a1b41,1.0,1.0692
15b756b0e61b,CHEMBL2070198,CHEMBL2070200,87612685ed04,59e150f79ebe,5c2de91df882,af63981dccef,0.9643,1.0657
6a706b329263,CHEMBL360933,CHEMBL360958,bb48fad3fc8a,f28e4f13aeb8,683f54cf27de,cebca61bc501,0.8941,1.0649
152a485cfb21,CHEMBL6055785,CHEMBL6057992,3f94454d6433,a9077b65f8d8,f9e6a0eb24e7,f9e6a0eb24e7,0.8506,1.0634
de1bd0128d4e,CHEMBL3908905,CHEMBL3910697,4b0839d3d4dc,df0722493afa,1cf54cfc4f7c,1cf54cfc4f7c,0.8571,1.0609
bf7d0a8bb6e7,CHEMBL5826541,CHEMBL6045121,f944b408a07f,b92ae6020b1a,4f9efeb09982,c8b7439776d8,0.8506,1.0607
58f29a8f4a08,CHEMBL4076363,CHEMBL4081860,0cfca9811300,52fdb3807526,986c6de398c7,986c6de398c7,0.9259,1.0591
7a79c38ac36e,CHEMBL202621,CHEMBL204085,f44bb54ce22b,38f23962ad68,cd134a2bc1a0,444e4eb0bf33,0.8507,1.0581
954f422e49b5,CHEMBL5755313,CHEMBL6037318,a78d526f4818,0f8e74ae7e7f,015c4069faa6,847ddb1b342a,0.8511,1.0545
83fba796038c,CHEMBL597708,CHEMBL598520,b63e7276c650,1e34ca589fbb,bf0b7f58151c,bf0b7f58151c,1.0,1.0542
cc77ffb64414,CHEMBL2029431,CHEMBL2032376,a2a9363b9eb1,fcec47647f80,b4a7bee18d68,b4a7bee18d68,0.8718,1.0539
3c922b798ee7,CHEMBL5843126,CHEMBL5932930,3ae50380ff63,c8657185c977,b2a4937fcc48,0bc90d0976d3,0.8769,1.0485
a83f0687922f,CHEMBL5962327,CHEMBL6036819,b09889330cf4,dd13d4791775,3c5db6acc820,3c5db6acc820,0.8696,1.0479
b9b0b013b786,CHEMBL5273994,CHEMBL5280292,c34e4bac8792,5b8497b6c32e,8b8dc82425ad,8b8dc82425ad,0.8548,1.0469
b91d6e1a4c6f,CHEMBL1928955,CHEMBL1928959,f676e7edcf74,7bafcab46f56,3b22b0106d42,3b22b0106d42,0.875,1.045
2fced673a6fc,CHEMBL3353410,CHEMBL4451986,2255e7269aad,42f91ff9f780,4aa52b594411,4aa52b594411,0.8553,1.045
19723596bb4b,CHEMBL2437462,CHEMBL2437463,9e1facedf5be,4a7fbdaec718,f5e1aaac5464,e0586551142f,0.8507,1.0437
50eff7ad7a2f,CHEMBL175556,CHEMBL362611,a99cc1a05cf4,2ec8ac5a8807,60e38b0c0f41,cebca61bc501,0.8539,1.0434
27d7446501a9,CHEMBL4126358,CHEMBL4128415,60e2546fe328,3881efb3cc17,63ac604009aa,0eafe791f9a0,0.8736,1.0427
cdcfd9bc6c1f,CHEMBL5802555,CHEMBL6020006,dd489b746d19,c459ac38c8e6,b9e4b412c5ab,75307b96f247,0.9032,1.0422
9a94bbb1c8b0,CHEMBL5968417,CHEMBL5971757,b3d77cf5d09d,b75be582a080,66ce2ead39e0,709ca0a5f649,0.8611,1.0422
0048e47d01d0,CHEMBL5394139,CHEMBL5423938,8e233403c4b6,2b74d2782833,9abd5cb7fd04,a63e29452ec6,0.9322,1.0419
cd09294e146f,CHEMBL3813746,CHEMBL3814878,f9ed67fd66c2,9d5d2599a37c,e264dde01193,e264dde01193,0.9315,1.0414
8d4b66ca210b,CHEMBL5929353,CHEMBL5964531,bfa62275d7d2,69ebdda28be3,4f9efeb09982,4f9efeb09982,0.9136,1.0414
fbb0610cc6be,CHEMBL111197,CHEMBL324926,3eb322af9cf8,b6ae16f712d3,16f8e312d55f,16f8e312d55f,0.8704,1.0414
603977e51162,CHEMBL5929353,CHEMBL5980340,bfa62275d7d2,7420ea158492,4f9efeb09982,4f9efeb09982,0.8605,1.0414
fc6af07a65c0,CHEMBL5860261,CHEMBL5970552,5a1a06e9d837,02e65e71277d,bb90872f1b2d,bb90872f1b2d,0.8571,1.0414
41a068d82b61,CHEMBL6148660,CHEMBL6161335,881c790c858c,502b27a8eeb0,2e7d908cdb29,2e7d908cdb29,0.8548,1.0406
49c2a7aa6caf,CHEMBL5268143,CHEMBL5272345,6e79f155552b,6ee18502e40f,4aa52b594411,4aa52b594411,0.8721,1.036
61b5629712ff,CHEMBL3237947,CHEMBL3237949,a905951c4ee8,51becb4cd51a,a1f06650e957,a1f06650e957,0.9167,1.0356
c330bb9fd408,CHEMBL6030420,CHEMBL6050073,5600537f214d,9a5f167d8260,279a28788288,6b6f1485866c,0.8861,1.0354
64f5edeff52d,CHEMBL362824,CHEMBL368702,6fb69ca88412,77d5487073e7,cebca61bc501,28727598c32c,0.8837,1.0353
3245de13137f,CHEMBL247024,CHEMBL399438,81f06336d48c,75e640a6c22d,bf684dd5fbd2,3a7cd978be6b,0.8769,1.0339
6feac307ddc0,CHEMBL309682,CHEMBL543904,146d4dfc3304,146d4dfc3304,3e29b80f74c6,3e29b80f74c6,1.0,1.0334
9110531e1801,CHEMBL2437462,CHEMBL2437464,9e1facedf5be,97a6eb25965d,f5e1aaac5464,06050f20e965,0.8636,1.033
3b0546a2c1e3,CHEMBL3815115,CHEMBL3815163,846d3d565dcf,4b27479c1e06,386fb05968ad,c2ed03b738f7,0.9048,1.0324
26d8894d8ced,CHEMBL6050073,CHEMBL6064874,9a5f167d8260,af578fdaf03e,6b6f1485866c,6b6f1485866c,0.9079,1.0314
46856d043878,CHEMBL2032378,CHEMBL2032380,6c13c6c614db,f5eccb75981a,a187869931ae,8a0cde3536cf,0.9103,1.0305
ac65d4db9bf6,CHEMBL5394139,CHEMBL5417638,8e233403c4b6,34c04c4ae079,9abd5cb7fd04,3faa30bbf545,0.9167,1.0297
f8f7e32cf4e5,CHEMBL3237934,CHEMBL3237935,a337bc22f1a5,e7c6052abeb8,5d13daeea8c3,5d13daeea8c3,0.8875,1.0278
409dde29b55a,CHEMBL178654,CHEMBL362618,8ee98dbee232,d913dc4d12d6,bedf6cea4efd,bedf6cea4efd,0.8706,1.0272
25f5e911aaf6,CHEMBL1198361,CHEMBL2087359,232a10c6a6c6,d43c4cec6458,3ace3aef1dd1,140d1e4a5dd2,0.8542,1.0263
3ce9e2c0e8d5,CHEMBL5170965,CHEMBL5178703,6b45e420cb82,9e84e56985ef,e91c32354640,e91c32354640,1.0,1.0261
ce4d7a29f79c,CHEMBL3237931,CHEMBL3237932,51b23cd847fd,01f39a4092be,832edbb4f4a1,78e38ecea6e4,0.9865,1.0254
bfc3ac97a1ac,CHEMBL115745,CHEMBL333851,78f803c50bc3,c5856cb9abfd,e418e017632b,e418e017632b,0.907,1.0212
995041a90f14,CHEMBL1088901,CHEMBL2031297,02bee88015bc,cf05e9eb82e9,3e29b80f74c6,3e29b80f74c6,0.8909,1.0207
496dba85425c,CHEMBL2070192,CHEMBL2070198,890950aedf28,87612685ed04,89e323284376,5c2de91df882,0.9286,1.0174
9cb15443acad,CHEMBL360211,CHEMBL360958,e5c1650deebd,f28e4f13aeb8,4ccebc3f79f6,cebca61bc501,0.8736,1.0151
fb6e4235e5a1,CHEMBL5272345,CHEMBL5284486,6ee18502e40f,428ded1334be,4aa52b594411,4aa52b594411,0.869,1.0137
44f67fa187b3,CHEMBL5874033,CHEMBL5908279,3f1bc2fdcc1d,aabc47e0bfbe,3c5db6acc820,3c5db6acc820,0.875,1.0122
ecfc2e040fca,CHEMBL3759127,CHEMBL3760090,cda402dc6944,1d8bac234ec5,991d89c2c7b2,991d89c2c7b2,0.8529,1.0099
12ba6cc8a987,CHEMBL4070404,CHEMBL4087525,4877f849e9a9,ecfb5c2b274f,06721c212967,06721c212967,0.8795,1.0084
fa25f04c6d75,CHEMBL245277,CHEMBL245278,90b33541e78a,a08bbcdc5689,2b72b9bff6ec,2b72b9bff6ec,0.8889,1.0063
ae3b21f752a2,CHEMBL3676366,CHEMBL3676370,75e3b75d9c82,11aee468f1fd,3e29b80f74c6,3e29b80f74c6,0.8784,1.0062
4058fa986aa5,CHEMBL3901943,CHEMBL3953921,d912f6408e2d,f2e8c0922b8d,9cf611f38652,d700db85f748,0.9559,1.0041
7f887e9393ce,CHEMBL5751497,CHEMBL5935248,caeec91c5cdc,8e412eb7314d,2af8dcb5631f,2af8dcb5631f,1.0,1.0
b3c71a2823fc,CHEMBL5798721,CHEMBL5935248,5c73eec30b50,8e412eb7314d,2af8dcb5631f,2af8dcb5631f,1.0,1.0
5613189e4765,CHEMBL5808700,CHEMBL5916856,5ab34f128a31,8c953217ad5e,27529897247c,27529897247c,1.0,1.0
e321b470cc63,CHEMBL5808700,CHEMBL5896750,5ab34f128a31,3343ad19bf1b,27529897247c,27529897247c,1.0,1.0
689831d7ba9c,CHEMBL5865390,CHEMBL5923252,936134d09ac7,3d2ab8330ba2,97427f1cffc5,97427f1cffc5,1.0,1.0
4c125de76ef7,CHEMBL5872134,CHEMBL5923252,3f5a31da8164,3d2ab8330ba2,97427f1cffc5,97427f1cffc5,1.0,1.0
271af2119c5a,CHEMBL5909001,CHEMBL5923252,0a03b6dca73c,3d2ab8330ba2,97427f1cffc5,97427f1cffc5,1.0,1.0
db9223fdd6d0,CHEMBL5798581,CHEMBL6032138,919ee7b5f80c,b254f476101b,55ccd6d99d73,78f7b3abab51,0.9714,1.0
003888dcc6cb,CHEMBL5762610,CHEMBL5952683,f88a7bc97fe0,2703663ffe31,0528ad1e2859,89c95bb3a2d6,0.971,1.0
0cf95734d146,CHEMBL5889117,CHEMBL5952683,c3cffe9e7eef,2703663ffe31,c02fd5b5c984,89c95bb3a2d6,0.971,1.0
803fb9dd1c83,CHEMBL5746447,CHEMBL5943220,146ad5d62883,faf66904724a,024ad4fa3cc7,0060dca0a2ed,0.9701,1.0
f6d80a0d7ffe,CHEMBL5831010,CHEMBL6043125,412d136a261c,2599ecdfb2a7,0b920f7609f8,766c4afa0778,0.9692,1.0
a3b154199b7b,CHEMBL5746447,CHEMBL5967377,146ad5d62883,7cd4a0996874,024ad4fa3cc7,f24d10a779c3,0.9559,1.0
314d257f7384,CHEMBL5743417,CHEMBL5776801,38f491f72c55,97ded8cef144,8d7bc8d0af24,10b0daeaabb9,0.9552,1.0
1702b83cff8b,CHEMBL5776801,CHEMBL5943220,97ded8cef144,faf66904724a,10b0daeaabb9,0060dca0a2ed,0.9552,1.0
b6d54b5beab1,CHEMBL5743417,CHEMBL5746447,38f491f72c55,146ad5d62883,8d7bc8d0af24,024ad4fa3cc7,0.9412,1.0
6ea6ada1d033,CHEMBL5776801,CHEMBL5967377,97ded8cef144,7cd4a0996874,10b0daeaabb9,f24d10a779c3,0.9412,1.0
de602f2db18e,CHEMBL4636996,CHEMBL4648271,1f68cdf8ea32,927f943b7e13,5e2349deb856,c6899d489070,0.9286,1.0
9c536ce05a2a,CHEMBL5769497,CHEMBL5958954,3b11fa20429c,48f159f03bd1,3e53c1e885d4,ad983d9802ec,0.9286,1.0
d416bdda43b2,CHEMBL5750713,CHEMBL5934357,7c17abe5b635,e86265db4784,223e3f9c0203,7b0e9cdd832f,0.9254,1.0
c4d0fbee895a,CHEMBL5752981,CHEMBL6028388,3aa2fb986344,caa17bb085d1,cbb0dd32b5a2,b8393ff6d562,0.9242,1.0
41c532639e3f,CHEMBL5769497,CHEMBL5860886,3b11fa20429c,09da36a20541,3e53c1e885d4,d0996a77bf89,0.913,1.0
db0a87238500,CHEMBL4071012,CHEMBL4089601,409f1d3e5794,97f82f5afe26,986c6de398c7,986c6de398c7,0.9091,1.0
566c86b8fcda,CHEMBL3894076,CHEMBL3973862,67882e3ac46e,9e4838873a64,26d6f17b0813,26d6f17b0813,0.9032,1.0
6e6883db3637,CHEMBL5762610,CHEMBL6032138,f88a7bc97fe0,b254f476101b,0528ad1e2859,78f7b3abab51,0.9028,1.0
bcf53998572a,CHEMBL5798581,CHEMBL5952683,919ee7b5f80c,2703663ffe31,55ccd6d99d73,89c95bb3a2d6,0.9028,1.0
44aaaec9a84a,CHEMBL5889117,CHEMBL6032138,c3cffe9e7eef,b254f476101b,c02fd5b5c984,78f7b3abab51,0.9028,1.0
37e33f82ee41,CHEMBL5776801,CHEMBL6010002,97ded8cef144,fbdd45c5827b,10b0daeaabb9,62639d677f60,0.9014,1.0
be0b9d0030f8,CHEMBL5764214,CHEMBL6022727,1f8f9ed1821f,1f620d57bcc3,3de7919ffd89,3de7919ffd89,0.8966,1.0
4dfaf1c17179,CHEMBL5739918,CHEMBL6022727,2ef6f019c76e,1f620d57bcc3,3de7919ffd89,3de7919ffd89,0.8953,1.0
f6a531dcbebc,CHEMBL5823139,CHEMBL5952683,ff39808da480,2703663ffe31,24541632ebb1,89c95bb3a2d6,0.8919,1.0
2e52c39ac0d4,CHEMBL5784892,CHEMBL6053889,c10ae63dc4e3,3d6cd54c2bf1,f57566a05954,f57566a05954,0.8906,1.0
05cb919c7850,CHEMBL5776801,CHEMBL5828306,97ded8cef144,78073ce5ca33,10b0daeaabb9,a20b6afc1803,0.8873,1.0
4b41d7383fec,CHEMBL3891187,CHEMBL3956465,077619f8a125,412268a0673b,27529897247c,27529897247c,0.8871,1.0
59d968956ce8,CHEMBL5851971,CHEMBL5926025,6ffbe1e342cc,338b5011fe4d,ad59efdc1f06,ad59efdc1f06,0.8857,1.0
955cb5bbc47a,CHEMBL5879544,CHEMBL5962200,a6ceca74d7fd,7e7a9da2759c,ad59efdc1f06,ad59efdc1f06,0.8857,1.0
beac8ca5553b,CHEMBL3954273,CHEMBL5810016,de48bc4754f1,9ed351abac89,27529897247c,27529897247c,0.8814,1.0
425b464732a2,CHEMBL5856597,CHEMBL6044013,001d87f63d09,65f3986cd0eb,27529897247c,27529897247c,0.8814,1.0
41ddf4eaf9b6,CHEMBL5764214,CHEMBL5813164,1f8f9ed1821f,b314cf5d8880,3de7919ffd89,3de7919ffd89,0.8791,1.0
5a423e434da4,CHEMBL5822177,CHEMBL5906808,7b1e9b044aa6,5a604f6f6fba,ecd5b52d5793,a33380b4c48c,0.8784,1.0
efa90c8cf508,CHEMBL3699594,CHEMBL3699619,71b997da8f4f,6a6f88dc548f,0b0bb31fe13d,0b0bb31fe13d,0.878,1.0
2acbb2d2f586,CHEMBL5801421,CHEMBL5802925,a93cf9106a31,3efe55a8f352,ad59efdc1f06,ad59efdc1f06,0.8767,1.0
24ddf333dfbf,CHEMBL5739918,CHEMBL5932064,2ef6f019c76e,dfec45b5f9bc,3de7919ffd89,3de7919ffd89,0.8764,1.0
c6d2c93c808b,CHEMBL3930810,CHEMBL3978161,cab272eb77a4,c04e778bbee5,26d6f17b0813,26d6f17b0813,0.875,1.0
2470dd4f47fd,CHEMBL5801421,CHEMBL5926025,a93cf9106a31,338b5011fe4d,ad59efdc1f06,ad59efdc1f06,0.8732,1.0
abc6b6fa1ec6,CHEMBL3699619,CHEMBL3699620,6a6f88dc548f,68672d521e07,0b0bb31fe13d,0b0bb31fe13d,0.8675,1.0
4d4b1b06123f,CHEMBL5754376,CHEMBL6016572,8ca826283a91,067087371881,ad59efdc1f06,ad59efdc1f06,0.8657,1.0
4ed876d3d83c,CHEMBL5746447,CHEMBL6010002,146ad5d62883,fbdd45c5827b,024ad4fa3cc7,62639d677f60,0.863,1.0
6bdd8aa705f2,CHEMBL5773851,CHEMBL5950819,d864006eaaaa,779e198681fd,1aed921ef519,9cb0c87dcb9a,0.8615,1.0
4ac4dea71662,CHEMBL5069609,CHEMBL5075594,04c7e5d4485c,e67532400345,8fbad1b089dd,8fbad1b089dd,0.8608,1.0
e1bbea231420,CHEMBL5833583,CHEMBL6048496,59389dae39f8,4e4c02c03540,27529897247c,27529897247c,0.8594,1.0
8793059eee90,CHEMBL5865390,CHEMBL5990498,936134d09ac7,f411855e933d,97427f1cffc5,97427f1cffc5,0.8592,1.0
7474ce34a229,CHEMBL5872134,CHEMBL5990498,3f5a31da8164,f411855e933d,97427f1cffc5,97427f1cffc5,0.8592,1.0
63463b18aa78,CHEMBL5909001,CHEMBL5990498,0a03b6dca73c,f411855e933d,97427f1cffc5,97427f1cffc5,0.8592,1.0
53e1dbde476d,CHEMBL5852304,CHEMBL5879544,dee9bed96741,a6ceca74d7fd,ad59efdc1f06,ad59efdc1f06,0.8571,1.0
e0fa4ac64080,CHEMBL5833997,CHEMBL6016935,91418803c36a,ce8242792900,27529897247c,27529897247c,0.8548,1.0
d9de26a4e4ce,CHEMBL5790497,CHEMBL5801421,f03d7f0e64ae,a93cf9106a31,ad59efdc1f06,ad59efdc1f06,0.8514,1.0
999b23b1f941,CHEMBL5190121,CHEMBL5284528,9046c7dcf916,697f45d0d387,aecd10949276,aecd10949276,0.8511,1.0
64d80005dac8,CHEMBL3758278,CHEMBL3759459,7719cfbe6bdb,ca2011900f7f,0e7acafb2eb9,0e7acafb2eb9,0.85,1.0
